time,head_pos_x,head_pos_y,head_pos_z,head_rot_x,head_rot_y,head_rot_z,left_pos_x,left_pos_y,left_pos_z,left_rot_x,left_rot_y,left_rot_z,right_pos_x,right_pos_y,right_pos_z,right_rot_x,right_rot_y,right_rot_z,grab_force,grab,trigger
177.8964,-0.679852,1.317306,-0.11213,75.28448,263.1755,17.07815,0,0,0,0,0,0,-0.673246,0.831135,0.229617,352.8334,280.1201,21.01279,0,False,False
177.9075,-0.67507,1.314475,-0.110547,76.07477,264.2839,17.88319,0,0,0,0,0,0,-0.657411,0.82099,0.241845,354.9127,283.1714,21.54825,0,False,False
177.9184,-0.670295,1.311772,-0.109096,76.76106,265.3447,18.67907,0,0,0,0,0,0,-0.640747,0.810815,0.253443,357.1191,286.1089,22.15665,0,False,False
177.9295,-0.665574,1.309098,-0.107641,77.39615,266.467,19.55505,0,0,0,0,0,0,-0.623404,0.800768,0.264805,359.4025,289.0507,22.64451,0,False,False
177.9404,-0.660827,1.306635,-0.106416,77.92165,267.4999,20.34323,0,0,0,0,0,0,-0.605804,0.791182,0.275505,1.594917,291.9057,23.18001,0,False,False
177.9517,-0.655913,1.304257,-0.105274,78.35925,268.5706,21.17449,0,0,0,0,0,0,-0.586839,0.781652,0.285666,4.054833,294.9215,23.58354,0,False,False
177.9628,-0.650896,1.302063,-0.104425,78.70318,269.5321,21.90989,0,0,0,0,0,0,-0.567545,0.772752,0.294875,6.320959,297.8787,23.75437,0,False,False
177.9739,-0.645806,1.300045,-0.10364,79.0359,270.5875,22.74113,0,0,0,0,0,0,-0.547334,0.764473,0.303558,8.537028,300.8728,23.93349,0,False,False
177.9849,-0.640456,1.298164,-0.103183,79.21778,271.6594,23.56053,0,0,0,0,0,0,-0.527094,0.756831,0.311245,10.7395,303.8634,24.41805,0,False,False
177.9961,-0.635001,1.29641,-0.102735,79.35628,272.8429,24.52504,0,0,0,0,0,0,-0.506624,0.749485,0.318337,13.01913,306.8106,25.26085,0,False,False
178.0071,-0.629453,1.294762,-0.102474,79.4502,274.0338,25.4748,0,0,0,0,0,0,-0.485986,0.742564,0.324984,15.1789,309.713,26.21576,0,False,False
178.0182,-0.623663,1.293217,-0.102338,79.51771,275.4019,26.57278,0,0,0,0,0,0,-0.464686,0.73631,0.331021,17.22155,312.6475,27.20918,0,False,False
178.0293,-0.617726,1.291699,-0.102282,79.55893,276.8563,27.78691,0,0,0,0,0,0,-0.444483,0.732636,0.334996,18.65937,315.2641,28.31423,0,False,False
178.0405,-0.611536,1.29039,-0.102512,79.5629,278.5305,29.22907,0,0,0,0,0,0,-0.423587,0.728268,0.339449,20.14868,318.0572,29.68976,0,False,False
178.0517,-0.605155,1.289125,-0.102871,79.56923,280.3041,30.73293,0,0,0,0,0,0,-0.403225,0.725207,0.34284,21.33438,320.6281,31.18504,0,False,False
178.0627,-0.598929,1.287912,-0.103392,79.5612,282.1241,32.31073,0,0,0,0,0,0,-0.383757,0.722837,0.345374,22.38936,323.0176,32.57951,0,False,False
178.0738,-0.592624,1.286768,-0.104156,79.51628,283.9709,33.95409,0,0,0,0,0,0,-0.364059,0.720395,0.347921,23.47507,325.4734,33.9865,0,False,False
178.0849,-0.586263,1.285629,-0.105075,79.4275,285.7812,35.56495,0,0,0,0,0,0,-0.345227,0.718851,0.349374,24.54774,327.7396,35.33877,0,False,False
178.096,-0.580002,1.28448,-0.106376,79.26315,287.4931,37.14,0,0,0,0,0,0,-0.32724,0.717508,0.350287,25.60967,329.8942,36.58385,0,False,False
178.1073,-0.573851,1.283311,-0.107564,79.07045,289.1316,38.67335,0,0,0,0,0,0,-0.309015,0.7163,0.350464,26.63404,332.0625,37.70739,0,False,False
178.1182,-0.567888,1.282223,-0.109095,78.82603,290.6014,40.09019,0,0,0,0,0,0,-0.291499,0.715233,0.350665,27.58701,334.2106,38.86987,0,False,False
178.1294,-0.562188,1.281166,-0.110705,78.59882,291.9777,41.42529,0,0,0,0,0,0,-0.275265,0.715192,0.349691,28.44841,336.0148,39.6771,0,False,False
178.1404,-0.55662,1.280136,-0.112488,78.36839,293.3354,42.75557,0,0,0,0,0,0,-0.259273,0.714941,0.348621,29.19727,337.9505,40.52669,0,False,False
178.1515,-0.551301,1.279034,-0.11444,78.15209,294.6194,44.0214,0,0,0,0,0,0,-0.244124,0.71555,0.347064,29.73498,339.5453,40.99358,0,False,False
178.1626,-0.545617,1.277989,-0.116948,77.98018,295.934,45.35263,0,0,0,0,0,0,-0.230105,0.71605,0.344927,30.28001,340.9519,41.59591,0,False,False
178.1739,-0.540401,1.276792,-0.118945,77.86671,297.3166,46.74658,0,0,0,0,0,0,-0.217174,0.716695,0.342492,30.94978,342.2046,42.31378,0,False,False
178.1848,-0.53505,1.275514,-0.12099,77.82514,298.6431,48.0847,0,0,0,0,0,0,-0.204289,0.717472,0.339932,31.7039,343.3478,42.9049,0,False,False
178.196,-0.52947,1.274189,-0.122714,77.80344,299.9427,49.43023,0,0,0,0,0,0,-0.193212,0.718009,0.336721,32.54611,343.7996,43.15276,0,False,False
178.207,-0.523962,1.272658,-0.124624,77.93455,301.3749,50.90107,0,0,0,0,0,0,-0.183688,0.718635,0.333021,33.37658,343.8824,43.31219,0,False,False
178.2183,-0.518402,1.271148,-0.12646,78.07516,302.8027,52.40877,0,0,0,0,0,0,-0.174844,0.718893,0.329153,34.18202,343.5845,43.4657,0,False,False
178.2293,-0.512629,1.269385,-0.128262,78.28236,304.4964,54.26334,0,0,0,0,0,0,-0.167027,0.719167,0.325361,34.99048,342.9884,43.66719,0,False,False
178.2405,-0.506878,1.267923,-0.129721,78.60456,306.0567,56.14326,0,0,0,0,0,0,-0.160103,0.719229,0.32136,35.84308,342.1995,43.78817,0,False,False
178.2515,-0.501067,1.266601,-0.131163,78.96132,308.0675,58.45972,0,0,0,0,0,0,-0.1532,0.719146,0.317559,36.75549,341.2795,43.80413,0,False,False
178.2626,-0.495162,1.265631,-0.132526,79.38516,310.3586,61.14032,0,0,0,0,0,0,-0.148122,0.718941,0.313361,37.86297,339.8606,43.68102,0,False,False
178.2737,-0.489363,1.264674,-0.133599,79.83862,313.0371,64.23869,0,0,0,0,0,0,-0.143991,0.718175,0.30908,39.13034,338.1119,43.4737,0,False,False
178.2849,-0.483454,1.263965,-0.134373,80.36508,316.2933,67.94746,0,0,0,0,0,0,-0.139559,0.717637,0.30478,40.42616,336.3259,43.15889,0,False,False
178.296,-0.477581,1.263327,-0.135019,80.84737,319.8022,71.86407,0,0,0,0,0,0,-0.136802,0.716848,0.300301,41.79026,334.1324,42.51235,0,False,False
178.307,-0.471829,1.262959,-0.135338,81.30462,323.6238,76.04744,0,0,0,0,0,0,-0.13478,0.716047,0.29615,43.09222,331.8091,41.55137,0,False,False
178.3181,-0.466183,1.262587,-0.135676,81.69901,327.4729,80.15263,0,0,0,0,0,0,-0.133437,0.715681,0.292133,44.18435,329.548,40.22375,0,False,False
178.3292,-0.460617,1.262578,-0.13608,82.02345,331.0922,83.89656,0,0,0,0,0,0,-0.132606,0.715366,0.28878,45.02628,327.2939,38.61712,0,False,False
178.3403,-0.455504,1.262515,-0.13615,82.2963,334.3777,87.21487,0,0,0,0,0,0,-0.131597,0.715101,0.285188,45.77213,325.0471,37.04595,0,False,False
178.3514,-0.450584,1.262663,-0.136166,82.52242,337.0571,89.80655,0,0,0,0,0,0,-0.131977,0.715148,0.28247,46.2243,322.9559,35.24989,0,False,False
178.3626,-0.445852,1.262944,-0.136272,82.73926,339.0386,91.59015,0,0,0,0,0,0,-0.132562,0.715462,0.279905,46.51349,320.9755,33.29625,0,False,False
178.3737,-0.441284,1.263233,-0.136239,82.91623,340.7913,93.08624,0,0,0,0,0,0,-0.133758,0.716067,0.277726,46.77412,319.1226,31.33118,0,False,False
178.3848,-0.436845,1.26353,-0.135761,83.09513,341.672,93.64916,0,0,0,0,0,0,-0.135076,0.71673,0.275574,46.98314,317.3354,29.37634,0,False,False
178.3959,-0.432592,1.263754,-0.135517,83.27702,342.7149,94.38647,0,0,0,0,0,0,-0.136407,0.717452,0.273544,47.1279,315.4575,27.42791,0,False,False
178.4069,-0.428495,1.263994,-0.135187,83.42896,343.0045,94.35125,0,0,0,0,0,0,-0.138452,0.718356,0.271687,47.00817,313.686,25.64537,0,False,False
178.4182,-0.424456,1.264164,-0.134681,83.57281,343.3078,94.36715,0,0,0,0,0,0,-0.140873,0.719036,0.270333,46.82044,312.076,24.03399,0,False,False
178.4292,-0.420532,1.264395,-0.13413,83.70518,343.4725,94.26115,0,0,0,0,0,0,-0.142936,0.719875,0.268713,46.63,310.5851,22.4624,0,False,False
178.4403,-0.41665,1.264472,-0.133418,83.81065,343.6329,94.18157,0,0,0,0,0,0,-0.145472,0.720701,0.267613,46.50092,309.3486,20.8748,0,False,False
178.4515,-0.412607,1.264549,-0.132615,83.90585,343.9387,94.26893,0,0,0,0,0,0,-0.147888,0.721117,0.266284,46.40159,308.2666,19.28309,0,False,False
178.4627,-0.408684,1.264501,-0.131822,83.98138,344.3633,94.52845,0,0,0,0,0,0,-0.150193,0.721764,0.265172,46.4251,307.2702,17.62916,0,False,False
178.4736,-0.404658,1.264404,-0.130938,84.03872,344.9651,94.98095,0,0,0,0,0,0,-0.152326,0.721924,0.263651,46.59521,306.2774,15.93051,0,False,False
178.4847,-0.400636,1.264371,-0.12994,84.1002,345.8296,95.73915,0,0,0,0,0,0,-0.154453,0.722072,0.261977,46.79886,305.1563,14.21697,0,False,False
178.4958,-0.396655,1.264312,-0.128908,84.14329,346.9028,96.72408,0,0,0,0,0,0,-0.157178,0.72195,0.261522,47.12748,303.8665,12.45827,0,False,False
178.5069,-0.392457,1.264213,-0.127662,84.17584,348.1126,97.92194,0,0,0,0,0,0,-0.159841,0.721778,0.260056,47.64962,302.2613,10.61349,0,False,False
178.5181,-0.388291,1.264136,-0.126395,84.196,349.7958,99.62059,0,0,0,0,0,0,-0.162573,0.721673,0.257719,47.8135,299.2101,8.623723,0,False,False
178.5291,-0.384133,1.264065,-0.1251,84.2298,351.2477,101.1069,0,0,0,0,0,0,-0.165314,0.722685,0.253947,47.17113,293.7017,7.382023,0,False,False
178.5402,-0.379999,1.264251,-0.123633,84.24463,352.7644,102.676,0,0,0,0,0,0,-0.168214,0.724375,0.249749,46.20018,288.2136,7.469182,0,False,False
178.5514,-0.375937,1.264454,-0.122156,84.25687,354.2806,104.2244,0,0,0,0,0,0,-0.169873,0.725425,0.245465,45.26542,283.7069,9.99711,0,False,False
178.5625,-0.371732,1.264629,-0.120475,84.27683,355.4865,105.4206,0,0,0,0,0,0,-0.1705,0.726435,0.242626,44.33135,279.7341,13.42726,0,False,False
178.5736,-0.367802,1.265073,-0.11885,84.28262,356.4281,106.3461,0,0,0,0,0,0,-0.171095,0.726859,0.23902,43.57652,275.9713,16.24347,0,False,False
178.5846,-0.364144,1.265603,-0.117202,84.30322,356.8662,106.745,0,0,0,0,0,0,-0.170575,0.727446,0.23708,43.04251,272.6918,19.27939,0,False,False
178.5959,-0.360538,1.266096,-0.115464,84.3584,356.3919,106.2257,0,0,0,0,0,0,-0.170226,0.727309,0.235191,42.88237,269.936,21.33588,0,False,False
178.6068,-0.357111,1.266697,-0.113817,84.41159,355.5785,105.3644,0,0,0,0,0,0,-0.169262,0.727285,0.234191,43.01589,267.7877,23.05413,0,False,False
178.6181,-0.353861,1.26727,-0.111938,84.51745,353.579,103.3323,0,0,0,0,0,0,-0.167804,0.727086,0.233068,43.2454,265.6396,24.58731,0,False,False
178.6292,-0.350755,1.267828,-0.110016,84.63166,351.0854,100.8076,0,0,0,0,0,0,-0.166242,0.726461,0.23282,43.75975,264.5264,25.2855,0,False,False
178.6402,-0.347928,1.268365,-0.107985,84.75529,347.4539,97.15548,0,0,0,0,0,0,-0.164915,0.725383,0.233343,44.26841,263.9879,25.24361,0,False,False
178.6513,-0.345051,1.268907,-0.105854,84.86226,343.5233,93.17028,0,0,0,0,0,0,-0.163917,0.724392,0.23384,44.72078,263.9437,24.68585,0,False,False
178.6624,-0.342067,1.269359,-0.103687,84.94165,339.3461,88.89108,0,0,0,0,0,0,-0.162942,0.723592,0.234417,45.08457,263.8632,24.12193,0,False,False
178.6737,-0.339043,1.269729,-0.101237,84.99304,334.7659,84.16656,0,0,0,0,0,0,-0.161827,0.722591,0.236045,45.27323,264.4303,22.81701,0,False,False
178.6847,-0.336067,1.270015,-0.098898,85.01398,330.3986,79.64237,0,0,0,0,0,0,-0.160874,0.721663,0.237353,45.25804,265.2909,21.20409,0,False,False
178.6957,-0.332977,1.270145,-0.096322,85.00821,325.8693,74.95078,0,0,0,0,0,0,-0.160625,0.720932,0.238682,45.07171,265.9327,19.65933,0,False,False
178.7069,-0.329755,1.270162,-0.093748,84.97056,321.8436,70.76188,0,0,0,0,0,0,-0.160037,0.720087,0.239598,44.82708,266.4078,18.36376,0,False,False
178.7181,-0.326205,1.269973,-0.090707,84.9211,317.7729,66.53731,0,0,0,0,0,0,-0.159707,0.719448,0.240341,44.27485,266.9409,16.97592,0,False,False
178.7291,-0.322682,1.269655,-0.087865,84.86967,314.2044,62.85167,0,0,0,0,0,0,-0.159509,0.718821,0.240974,43.58464,267.2718,15.80537,0,False,False
178.7403,-0.319006,1.269318,-0.084788,84.81145,311.125,59.69565,0,0,0,0,0,0,-0.159089,0.718055,0.241159,42.81487,267.5419,14.80396,0,False,False
178.7514,-0.315048,1.268847,-0.08158,84.78413,308.5803,57.13402,0,0,0,0,0,0,-0.158719,0.717305,0.241134,42.05158,267.6601,14.07902,0,False,False
178.7624,-0.310855,1.268587,-0.07836,84.76913,306.3985,54.96202,0,0,0,0,0,0,-0.158153,0.716485,0.241179,41.40463,267.7888,13.5101,0,False,False
178.7734,-0.306462,1.268332,-0.074774,84.78571,305.1396,53.75673,0,0,0,0,0,0,-0.157164,0.715322,0.240516,40.71259,267.6238,13.33974,0,False,False
178.7845,-0.301904,1.268192,-0.071118,84.8093,303.9637,52.63675,0,0,0,0,0,0,-0.156302,0.714303,0.240187,40.11277,267.5245,12.8885,0,False,False
178.7957,-0.297138,1.268242,-0.067147,84.87367,303.4236,52.19534,0,0,0,0,0,0,-0.155232,0.713327,0.239431,39.48552,267.201,12.45953,0,False,False
178.8068,-0.292369,1.2685,-0.06316,84.93883,303.2261,52.11977,0,0,0,0,0,0,-0.154062,0.712414,0.23884,38.92326,266.9346,11.73219,0,False,False
178.8179,-0.287671,1.269086,-0.059013,84.98945,302.8614,51.89409,0,0,0,0,0,0,-0.153032,0.711699,0.238246,38.39596,266.7566,10.88537,0,False,False
178.829,-0.282836,1.270086,-0.054859,85.01147,302.0647,51.25038,0,0,0,0,0,0,-0.152082,0.710953,0.237718,37.96362,266.6495,9.610743,0,False,False
178.8403,-0.278404,1.271458,-0.050533,84.98241,300.8358,50.17628,0,0,0,0,0,0,-0.151332,0.710647,0.237191,37.53362,266.6043,8.154237,0,False,False
178.8513,-0.27431,1.273339,-0.046121,84.87608,298.7098,48.17044,0,0,0,0,0,0,-0.150922,0.710838,0.236586,37.06549,266.6365,6.745368,0,False,False
178.8623,-0.270269,1.275219,-0.041817,84.68562,295.8403,45.32349,0,0,0,0,0,0,-0.150516,0.711032,0.235894,36.51168,266.6281,5.530989,0,False,False
178.8735,-0.266517,1.27763,-0.03741,84.33497,292.4565,41.81183,0,0,0,0,0,0,-0.150968,0.712693,0.235124,35.64548,266.6409,4.345425,0,False,False
178.8845,-0.2628,1.28027,-0.03289,83.78114,288.6604,37.65837,0,0,0,0,0,0,-0.15135,0.713986,0.234399,34.77414,266.635,3.315656,0,False,False
178.8956,-0.259126,1.28308,-0.028479,83.10261,285.3456,33.90168,0,0,0,0,0,0,-0.152221,0.716069,0.233626,33.69279,266.6038,2.533063,0,False,False
178.9067,-0.255704,1.286288,-0.024276,82.15582,282.1456,30.04733,0,0,0,0,0,0,-0.153867,0.718903,0.232569,32.46019,266.5154,2.080431,0,False,False
178.9178,-0.252157,1.28956,-0.019985,81.1518,279.605,26.82642,0,0,0,0,0,0,-0.155076,0.721577,0.231673,31.24915,266.3836,1.64081,0,False,False
178.929,-0.248732,1.293143,-0.016065,79.97842,277.6542,24.07635,0,0,0,0,0,0,-0.157473,0.725446,0.230317,29.78697,266.1075,1.636434,0,False,False
178.9402,-0.245252,1.296882,-0.011968,78.74737,276.2124,21.86963,0,0,0,0,0,0,-0.159791,0.729616,0.228944,28.29395,265.7473,1.744286,0,False,False
178.9512,-0.241733,1.300813,-0.008156,77.38379,275.1712,20.00544,0,0,0,0,0,0,-0.162501,0.734115,0.2275,26.76995,265.3194,2.092512,0,False,False
178.9624,-0.238241,1.305014,-0.004278,75.93308,274.5044,18.51982,0,0,0,0,0,0,-0.165197,0.738999,0.225845,25.21137,264.9166,2.455339,0,False,False
178.9733,-0.234829,1.309649,-0.000764,74.26945,274.2358,17.28696,0,0,0,0,0,0,-0.168533,0.744512,0.224244,23.54678,264.5173,3.012674,0,False,False
178.9844,-0.231576,1.314381,0.002608,72.48534,274.1387,16.21845,0,0,0,0,0,0,-0.172455,0.751012,0.222581,21.79385,264.2229,3.476433,0,False,False
178.9958,-0.228452,1.31941,0.005762,70.57317,274.1121,15.17365,0,0,0,0,0,0,-0.175877,0.757116,0.2211,20.13179,263.9598,3.732819,0,False,False
179.0067,-0.225609,1.324893,0.008488,68.49677,273.9661,13.96982,0,0,0,0,0,0,-0.17996,0.763892,0.219751,18.44,263.7829,3.815134,0,False,False
179.0179,-0.222899,1.33054,0.010924,66.37197,273.7889,12.731,0,0,0,0,0,0,-0.183702,0.770628,0.218323,16.78172,263.588,3.799163,0,False,False
179.029,-0.220521,1.336782,0.013071,63.94498,273.4608,11.34822,0,0,0,0,0,0,-0.18809,0.777942,0.217176,15.16205,263.4783,3.563004,0,False,False
179.0401,-0.217928,1.343122,0.015021,61.43718,273.1936,10.08681,0,0,0,0,0,0,-0.192552,0.785913,0.216122,13.56933,263.3734,3.320301,0,False,False
179.0522,-0.215891,1.350332,0.016783,58.75812,272.9291,8.926109,0,0,0,0,0,0,-0.19712,0.794397,0.214842,11.81868,263.1872,3.299721,0,False,False
179.0623,-0.213625,1.357621,0.018368,56.1166,272.7309,7.920382,0,0,0,0,0,0,-0.201268,0.802025,0.214004,10.29508,263.0339,3.453586,0,False,False
179.0735,-0.211371,1.365407,0.019549,53.48787,272.6194,7.064157,0,0,0,0,0,0,-0.205561,0.810279,0.212972,8.650155,262.8244,3.744145,0,False,False
179.0845,-0.208859,1.3736,0.020667,50.86443,272.5204,6.268527,0,0,0,0,0,0,-0.210046,0.818943,0.211942,7.105987,262.5379,4.38961,0,False,False
179.0956,-0.206339,1.381888,0.02137,48.26107,272.4977,5.554663,0,0,0,0,0,0,-0.214448,0.827843,0.210832,5.628912,262.1889,5.178654,0,False,False
179.1068,-0.203784,1.390566,0.021937,45.63992,272.425,4.870724,0,0,0,0,0,0,-0.218988,0.837209,0.209796,4.141227,261.8234,5.881085,0,False,False
179.1178,-0.201166,1.399082,0.022405,43.08577,272.3255,4.196162,0,0,0,0,0,0,-0.223671,0.846577,0.208763,2.613712,261.5362,6.36652,0,False,False
179.129,-0.198284,1.407393,0.0226,40.54834,272.2594,3.546546,0,0,0,0,0,0,-0.227959,0.856042,0.207988,1.052613,261.2988,6.724595,0,False,False
179.14,-0.195371,1.415661,0.022573,38.04593,272.1655,2.89615,0,0,0,0,0,0,-0.232633,0.865951,0.207544,359.4126,261.2457,6.802637,0,False,False
179.1512,-0.192562,1.423925,0.022291,35.52468,272.0875,2.28849,0,0,0,0,0,0,-0.23714,0.875895,0.207192,357.7891,261.2679,6.801943,0,False,False
179.1622,-0.190024,1.431943,0.021935,33.02448,271.9966,1.722752,0,0,0,0,0,0,-0.241798,0.885891,0.207309,356.2153,261.5743,6.441508,0,False,False
179.1734,-0.187359,1.439786,0.021664,30.5219,271.9524,1.188315,0,0,0,0,0,0,-0.246419,0.895988,0.207715,354.7166,261.9725,6.058047,0,False,False
179.1845,-0.184488,1.447179,0.021109,28.1248,271.9218,0.717427,0,0,0,0,0,0,-0.251155,0.905934,0.208066,353.2335,262.465,5.702508,0,False,False
179.1955,-0.181691,1.454308,0.02056,25.86323,271.8873,0.23869,0,0,0,0,0,0,-0.25574,0.915605,0.208391,351.7939,263.0049,5.420534,0,False,False
179.2066,-0.178292,1.460584,0.019909,23.73375,271.85,359.8315,0,0,0,0,0,0,-0.260184,0.925252,0.208586,350.3602,263.4928,5.149252,0,False,False
179.2178,-0.175181,1.466518,0.019097,21.77659,271.7918,359.4491,0,0,0,0,0,0,-0.26473,0.934613,0.20898,348.9796,264.1195,4.803712,0,False,False
179.2288,-0.171943,1.47198,0.018166,19.95797,271.7305,359.1033,0,0,0,0,0,0,-0.269108,0.943564,0.209269,347.6024,264.7472,4.414321,0,False,False
179.24,-0.168797,1.476914,0.017179,18.23875,271.6876,358.7614,0,0,0,0,0,0,-0.273515,0.952825,0.209594,346.1839,265.3995,4.006974,0,False,False
179.251,-0.165723,1.481151,0.01609,16.75778,271.6641,358.4498,0,0,0,0,0,0,-0.277543,0.961215,0.209864,344.8728,266.1258,3.525615,0,False,False
179.2622,-0.162719,1.48517,0.014972,15.29923,271.6632,358.1599,0,0,0,0,0,0,-0.281991,0.969485,0.210065,343.604,266.8818,3.053015,0,False,False
179.2733,-0.159652,1.488433,0.013922,14.01786,271.6759,357.8651,0,0,0,0,0,0,-0.286219,0.977255,0.209972,342.3934,267.5645,2.692909,0,False,False
179.2844,-0.156932,1.491599,0.012721,12.80145,271.7312,357.5911,0,0,0,0,0,0,-0.290588,0.984655,0.209784,341.294,268.1606,2.413621,0,False,False
179.2954,-0.154879,1.494599,0.011336,11.79213,271.7876,357.2795,0,0,0,0,0,0,-0.294747,0.992082,0.209824,340.2199,268.7551,2.183397,0,False,False
179.3068,-0.15339,1.498018,0.009846,10.91266,271.8597,356.9747,0,0,0,0,0,0,-0.298997,0.99897,0.209225,339.3158,269.3364,2.242875,0,False,False
179.3177,-0.151786,1.501408,0.008207,10.16167,271.875,356.5735,0,0,0,0,0,0,-0.303148,1.00506,0.208574,338.5116,270.023,2.514462,0,False,False
179.3289,-0.150075,1.503765,0.006301,9.531353,271.9476,356.194,0,0,0,0,0,0,-0.307108,1.011146,0.207805,337.7394,270.8377,2.896695,0,False,False
179.34,-0.148369,1.505639,0.004354,9.02499,271.965,355.6695,0,0,0,0,0,0,-0.311082,1.016962,0.207057,337.0107,271.7087,3.091257,0,False,False
179.351,-0.146586,1.506764,0.002372,8.675032,271.9708,355.4152,0,0,0,0,0,0,-0.314852,1.022258,0.206268,336.5151,272.7892,2.817673,0,False,False
179.3621,-0.145113,1.507912,0.000336,8.289206,272.016,354.9766,0,0,0,0,0,0,-0.318551,1.027201,0.20536,336.0711,273.9565,2.11467,0,False,False
179.3734,-0.143963,1.508857,-0.001887,7.965519,272.0973,354.7565,0,0,0,0,0,0,-0.322003,1.031995,0.2047,335.5225,275.1563,0.925543,0,False,False
179.3843,-0.142927,1.509708,-0.00399,7.50582,272.138,354.4164,0,0,0,0,0,0,-0.325189,1.03663,0.203807,334.9442,276.3066,359.3951,0,False,False
179.3955,-0.142112,1.510608,-0.006039,6.905277,272.2006,354.288,0,0,0,0,0,0,-0.328315,1.041201,0.20258,334.343,277.3839,357.8081,0,False,False
179.4066,-0.141531,1.511373,-0.008188,6.481779,272.2847,354.1316,0,0,0,0,0,0,-0.331283,1.045676,0.201409,333.7906,278.4289,356.2709,0,False,False
179.4178,-0.140846,1.512167,-0.010392,6.212419,272.3672,353.9581,0,0,0,0,0,0,-0.334167,1.049645,0.19979,333.3342,279.3433,354.757,0,False,False
179.4287,-0.140318,1.512834,-0.012607,5.962286,272.4243,353.8437,0,0,0,0,0,0,-0.337,1.053405,0.198129,332.917,280.1833,353.466,0,False,False
179.4399,-0.139881,1.513538,-0.014895,5.712934,272.4893,353.6811,0,0,0,0,0,0,-0.339659,1.056756,0.195929,332.466,280.8392,352.5883,0,False,False
179.4511,-0.1396,1.514266,-0.017147,5.481485,272.5905,353.5693,0,0,0,0,0,0,-0.342276,1.060259,0.193852,331.9843,281.4917,351.7852,0,False,False
179.4621,-0.139485,1.515051,-0.019407,5.195867,272.6875,353.4619,0,0,0,0,0,0,-0.344703,1.063183,0.191018,331.5407,281.8112,351.3913,0,False,False
179.4731,-0.139512,1.515975,-0.021563,4.864291,272.7852,353.4366,0,0,0,0,0,0,-0.347137,1.066183,0.188322,331.1576,282.1952,350.8911,0,False,False
179.4843,-0.139605,1.516958,-0.0237,4.587135,272.8773,353.4315,0,0,0,0,0,0,-0.349371,1.068754,0.185149,330.8589,282.3882,350.4907,0,False,False
179.4955,-0.139646,1.517956,-0.025756,4.371725,272.9951,353.445,0,0,0,0,0,0,-0.351227,1.07138,0.182063,330.6237,282.5961,349.8503,0,False,False
179.5066,-0.13976,1.518802,-0.02784,4.234711,273.0891,353.4621,0,0,0,0,0,0,-0.352673,1.073761,0.179168,330.373,282.8817,349.0077,0,False,False
179.5176,-0.139774,1.519361,-0.029878,4.160433,273.159,353.4778,0,0,0,0,0,0,-0.35366,1.076143,0.176436,330.0829,283.2762,347.9318,0,False,False
179.5288,-0.139805,1.519763,-0.031904,4.110656,273.2404,353.4847,0,0,0,0,0,0,-0.35486,1.078782,0.173737,329.7611,283.7814,346.6645,0,False,False
179.5399,-0.139843,1.51996,-0.03383,4.104203,273.2783,353.4916,0,0,0,0,0,0,-0.355355,1.081294,0.171419,329.3453,284.3328,344.9634,0.086275,False,False
179.5509,-0.139895,1.520077,-0.035688,4.092202,273.3149,353.5565,0,0,0,0,0,0,-0.356087,1.083965,0.16888,328.9167,284.8112,343.778,0.368628,False,True
179.5621,-0.139935,1.520004,-0.037455,4.108295,273.3246,353.637,0,0,0,0,0,0,-0.356538,1.086326,0.166487,328.4851,285.4549,343.5168,0.658824,False,True
179.5732,-0.14,1.519926,-0.039131,4.12675,273.3228,353.7435,0,0,0,0,0,0,-0.356486,1.088833,0.163994,328.0084,286.2934,343.4412,1,False,True
179.5844,-0.14016,1.519858,-0.040642,4.180707,273.3073,353.8701,0,0,0,0,0,0,-0.356294,1.090933,0.161903,327.3584,287.5565,343.6008,1,False,True
179.5954,-0.140292,1.519922,-0.041999,4.271029,273.2917,353.9918,0,0,0,0,0,0,-0.355959,1.092983,0.159821,326.7132,288.4558,343.5376,1,False,True
179.6065,-0.14043,1.519996,-0.043273,4.374832,273.2773,354.1139,0,0,0,0,0,0,-0.355624,1.09479,0.157497,326.4515,288.9438,342.8878,1,False,True
179.6175,-0.140637,1.52006,-0.044413,4.496451,273.2585,354.2648,0,0,0,0,0,0,-0.355896,1.096235,0.155074,326.4432,288.9814,342.562,1,False,True
179.6288,-0.140797,1.520169,-0.045454,4.643816,273.2297,354.4223,0,0,0,0,0,0,-0.356499,1.097261,0.152313,326.4009,288.9137,342.4579,1,False,True
179.6398,-0.140993,1.520251,-0.04632,4.813848,273.1799,354.5806,0,0,0,0,0,0,-0.357188,1.098036,0.149362,326.5505,288.4378,342.505,1,False,True
179.651,-0.14125,1.520371,-0.047129,4.982942,273.1315,354.7544,0,0,0,0,0,0,-0.358038,1.098788,0.146188,326.6618,287.8585,342.6833,1,False,True
179.6623,-0.141514,1.520452,-0.047698,5.141567,273.0708,354.9261,0,0,0,0,0,0,-0.359193,1.099913,0.143324,326.704,287.3469,342.8423,1,False,True
179.6733,-0.141828,1.5205,-0.048181,5.313953,273.007,355.1122,0,0,0,0,0,0,-0.359799,1.100426,0.140765,326.7343,286.8046,342.9904,1,False,True
179.6843,-0.142136,1.520487,-0.048703,5.468441,272.9505,355.2627,0,0,0,0,0,0,-0.360458,1.101128,0.138235,326.7689,286.3539,343.0786,1,False,True
179.6954,-0.142453,1.520451,-0.048983,5.63376,272.886,355.4135,0,0,0,0,0,0,-0.361136,1.102002,0.136193,326.7854,285.9612,343.1139,1,False,True
179.7065,-0.14271,1.520302,-0.049113,5.857342,272.8218,355.5363,0,0,0,0,0,0,-0.361553,1.102619,0.134205,326.8185,285.6557,343.1277,1,False,True
179.7175,-0.142976,1.52007,-0.0491,6.122912,272.7602,355.6438,0,0,0,0,0,0,-0.362063,1.103269,0.13265,326.8645,285.4448,343.0717,0.894118,False,True
179.7286,-0.143226,1.519781,-0.049022,6.430098,272.6883,355.7317,0,0,0,0,0,0,-0.362448,1.104008,0.131266,326.9221,285.2548,342.917,0.705882,False,True
179.7397,-0.143437,1.519342,-0.048786,6.782025,272.6364,355.7918,0,0,0,0,0,0,-0.363062,1.104426,0.130378,326.9641,285.1401,342.7034,0.227451,False,True
179.751,-0.143663,1.518885,-0.048522,7.136677,272.5805,355.8378,0,0,0,0,0,0,-0.363864,1.105209,0.129337,326.9803,284.9229,342.5342,0,False,False
179.7621,-0.143892,1.518473,-0.048051,7.57952,272.5242,355.8425,0,0,0,0,0,0,-0.36432,1.10595,0.128762,326.9564,284.7125,342.1045,0,False,False
179.773,-0.144145,1.518067,-0.047531,7.951243,272.4876,355.8422,0,0,0,0,0,0,-0.364934,1.106514,0.128229,326.851,284.5507,341.7923,0,False,False
179.7842,-0.14445,1.517743,-0.046883,8.36581,272.4496,355.8118,0,0,0,0,0,0,-0.365177,1.1072,0.127388,326.6778,284.3952,341.6789,0,False,False
179.7952,-0.144862,1.517503,-0.046138,8.812884,272.3987,355.7816,0,0,0,0,0,0,-0.365522,1.107888,0.127126,326.4706,284.2038,341.6975,0,False,False
179.8065,-0.145209,1.517182,-0.045337,9.259323,272.345,355.7417,0,0,0,0,0,0,-0.365991,1.108439,0.126797,326.3013,283.933,341.7932,0,False,False
179.8177,-0.145601,1.516861,-0.044325,9.728222,272.3016,355.7243,0,0,0,0,0,0,-0.366633,1.108767,0.126326,326.1737,283.5961,342.0094,0,False,False
179.8289,-0.146066,1.516556,-0.043296,10.19393,272.2732,355.703,0,0,0,0,0,0,-0.367134,1.109171,0.125995,326.0566,283.257,342.2504,0,False,False
179.84,-0.146705,1.516457,-0.042112,10.66059,272.2537,355.6743,0,0,0,0,0,0,-0.367641,1.109427,0.125903,325.9748,282.9005,342.5037,0,False,False
179.8508,-0.147371,1.516541,-0.040915,11.02837,272.2642,355.6481,0,0,0,0,0,0,-0.368278,1.109781,0.125703,325.9357,282.5534,342.7339,0,False,False
179.862,-0.14819,1.51672,-0.039632,11.36607,272.265,355.6072,0,0,0,0,0,0,-0.368917,1.10991,0.125588,326.0139,282.154,342.9354,0,False,False
179.8731,-0.149136,1.517038,-0.038247,11.62489,272.2928,355.5516,0,0,0,0,0,0,-0.369749,1.109939,0.1256,326.1983,281.7291,343.0765,0,False,False
179.8841,-0.150112,1.517423,-0.036814,11.832,272.3021,355.4947,0,0,0,0,0,0,-0.37048,1.110048,0.125552,326.3575,281.3307,343.2114,0,False,False
179.8953,-0.151133,1.517886,-0.035372,12.02736,272.3419,355.3645,0,0,0,0,0,0,-0.371091,1.110014,0.125815,326.6309,280.9244,343.3568,0,False,False
179.9065,-0.152113,1.518223,-0.033993,12.21493,272.3784,355.2227,0,0,0,0,0,0,-0.371693,1.110112,0.126015,326.8955,280.6005,343.5367,0,False,False
179.9185,-0.153048,1.518371,-0.032573,12.356,272.437,355.0856,0,0,0,0,0,0,-0.372083,1.110226,0.126474,327.1121,280.3601,343.7044,0,False,False
179.9286,-0.153903,1.518492,-0.031274,12.57669,272.478,354.9103,0,0,0,0,0,0,-0.37238,1.110468,0.126889,327.2969,280.1876,343.8246,0,False,False
179.9398,-0.154715,1.518574,-0.030032,12.84298,272.5167,354.6982,0,0,0,0,0,0,-0.372635,1.110723,0.127462,327.4918,280.0319,343.8716,0,False,False
179.9508,-0.155478,1.518625,-0.028863,13.10808,272.5385,354.459,0,0,0,0,0,0,-0.372787,1.110937,0.128117,327.6292,279.9965,343.7719,0,False,False
179.9621,-0.156263,1.518567,-0.027777,13.32,272.5488,354.2211,0,0,0,0,0,0,-0.372828,1.111281,0.128997,327.6935,280.0001,343.6127,0,False,False
179.9731,-0.157013,1.518504,-0.026733,13.4992,272.5759,353.986,0,0,0,0,0,0,-0.372615,1.111597,0.129935,327.7041,280.0259,343.4246,0,False,False
179.9842,-0.157804,1.518404,-0.02566,13.59632,272.5815,353.7781,0,0,0,0,0,0,-0.372462,1.11184,0.130761,327.7274,279.9956,343.3356,0,False,False
179.9952,-0.158605,1.518265,-0.024688,13.63372,272.6124,353.6263,0,0,0,0,0,0,-0.37216,1.112109,0.131518,327.7006,279.8757,343.5026,0,False,False
180.0065,-0.159448,1.518212,-0.023715,13.66283,272.6473,353.4805,0,0,0,0,0,0,-0.37194,1.112338,0.132196,327.6373,279.6752,343.8387,0,False,False
180.0174,-0.160252,1.518121,-0.022787,13.68394,272.6795,353.3393,0,0,0,0,0,0,-0.371612,1.112496,0.132939,327.5486,279.4652,344.2833,0,False,False
180.0285,-0.161005,1.518087,-0.021886,13.67153,272.7335,353.2193,0,0,0,0,0,0,-0.371406,1.112563,0.133675,327.448,279.2775,344.7948,0,False,False
180.0398,-0.161797,1.518009,-0.020981,13.657,272.8108,353.0986,0,0,0,0,0,0,-0.371201,1.112627,0.134365,327.366,279.1165,345.2909,0,False,False
180.0508,-0.162556,1.518061,-0.020112,13.64911,272.9233,352.985,0,0,0,0,0,0,-0.371053,1.112359,0.13525,327.3056,279.0522,345.8555,0,False,False
180.0618,-0.163292,1.51812,-0.019256,13.6252,273.0603,352.8785,0,0,0,0,0,0,-0.37091,1.112163,0.136134,327.2822,279.043,346.2198,0,False,False
180.106,-0.165471,1.518504,-0.016786,13.48251,273.5433,352.7606,0,0,0,0,0,0,-0.370553,1.110933,0.140666,327.6213,280.1626,345.929,0,False,False
180.1121,-0.166102,1.518547,-0.015964,13.44921,273.6727,352.7737,0,0,0,0,0,0,-0.370598,1.110508,0.141627,327.7897,280.4797,345.6806,0,False,False
180.1175,-0.166693,1.518558,-0.015197,13.42702,273.8,352.8273,0,0,0,0,0,0,-0.370662,1.110254,0.142252,327.9027,280.6816,345.5343,0,False,False
180.1238,-0.16733,1.51857,-0.014389,13.41366,273.9158,352.847,0,0,0,0,0,0,-0.370708,1.109915,0.14299,328.0477,280.9316,345.3425,0,False,False
180.1349,-0.167872,1.518546,-0.013644,13.45099,274.0385,352.9133,0,0,0,0,0,0,-0.370983,1.109064,0.144432,328.4068,281.4577,344.8772,0,False,False
180.1459,-0.168433,1.51852,-0.012886,13.4989,274.1563,352.9723,0,0,0,0,0,0,-0.371328,1.10835,0.145628,328.7452,281.9115,344.4971,0,False,False
180.157,-0.168982,1.51846,-0.012139,13.55845,274.271,352.9886,0,0,0,0,0,0,-0.371648,1.107372,0.147043,329.1547,282.4076,344.0577,0,False,False
180.1681,-0.169493,1.518376,-0.011348,13.61529,274.3806,353.0118,0,0,0,0,0,0,-0.372098,1.106406,0.148197,329.543,282.8392,343.5286,0,False,False
180.1792,-0.170068,1.518283,-0.010574,13.67365,274.4966,352.9923,0,0,0,0,0,0,-0.372403,1.105567,0.14951,329.8873,283.2516,343.0217,0,False,False
180.1905,-0.170672,1.518155,-0.009853,13.75131,274.6042,352.9627,0,0,0,0,0,0,-0.373015,1.104674,0.150676,330.2284,283.6456,342.44,0,False,False
180.2016,-0.171252,1.517974,-0.009057,13.8304,274.709,352.9253,0,0,0,0,0,0,-0.373722,1.103951,0.151569,330.5209,283.9852,341.9434,0,False,False
180.2124,-0.171794,1.517757,-0.008292,13.93152,274.8276,352.88,0,0,0,0,0,0,-0.374376,1.103263,0.152296,330.7514,284.2483,341.5927,0,False,False
180.2236,-0.172352,1.517573,-0.007539,14.02179,274.9485,352.8358,0,0,0,0,0,0,-0.374899,1.10266,0.153024,330.9602,284.4873,341.2993,0,False,False
180.2351,-0.172869,1.517358,-0.006678,14.11249,275.0781,352.79,0,0,0,0,0,0,-0.375549,1.102043,0.153503,331.0847,284.5858,341.2456,0,False,False
180.2459,-0.173437,1.517202,-0.005915,14.21432,275.239,352.7496,0,0,0,0,0,0,-0.376217,1.101563,0.153979,331.2176,284.66,341.2297,0,False,False
180.2572,-0.174012,1.517076,-0.005096,14.28849,275.3845,352.7065,0,0,0,0,0,0,-0.377045,1.10116,0.15412,331.3118,284.5872,341.4184,0,False,False
180.2681,-0.174614,1.516977,-0.004289,14.33407,275.5615,352.6669,0,0,0,0,0,0,-0.3777,1.100896,0.154191,331.3701,284.4757,341.5634,0,False,False
180.2792,-0.175181,1.516915,-0.003469,14.3862,275.728,352.6484,0,0,0,0,0,0,-0.378433,1.100743,0.154272,331.4316,284.377,341.6236,0,False,False
180.2903,-0.175794,1.516878,-0.002644,14.4191,275.9072,352.605,0,0,0,0,0,0,-0.378983,1.100763,0.154455,331.4474,284.3117,341.6027,0,False,False
180.3015,-0.17644,1.516819,-0.00179,14.43763,276.0735,352.5593,0,0,0,0,0,0,-0.379413,1.100957,0.154649,331.3847,284.3259,341.4596,0,False,False
180.3124,-0.17713,1.516778,-0.000998,14.44783,276.2588,352.5003,0,0,0,0,0,0,-0.379887,1.101234,0.154809,331.2891,284.3871,341.3186,0,False,False
180.3237,-0.177823,1.516718,-0.000244,14.45748,276.4578,352.4324,0,0,0,0,0,0,-0.379939,1.101778,0.155044,331.0236,284.5251,341.1245,0,False,False
180.3348,-0.178475,1.516702,0.000545,14.48343,276.6605,352.343,0,0,0,0,0,0,-0.379797,1.102652,0.155257,330.6102,284.6812,340.8951,0,False,False
180.3457,-0.179167,1.516697,0.001304,14.51273,276.8652,352.2436,0,0,0,0,0,0,-0.379579,1.1036,0.155397,330.0854,284.8046,340.6396,0,False,False
180.3571,-0.179833,1.516648,0.002127,14.56417,277.0797,352.1515,0,0,0,0,0,0,-0.379682,1.104443,0.155392,329.6092,284.8611,340.489,0.019608,False,False
180.368,-0.18051,1.516535,0.002903,14.60161,277.2974,352.0504,0,0,0,0,0,0,-0.379654,1.105492,0.155242,329.0786,284.8215,340.5376,0.164706,False,False
180.3791,-0.181174,1.516444,0.003632,14.66692,277.5131,351.9815,0,0,0,0,0,0,-0.379558,1.106249,0.155165,328.6661,284.7647,340.6491,0.443137,False,True
180.3903,-0.181815,1.516279,0.004347,14.73316,277.7348,351.9072,0,0,0,0,0,0,-0.379409,1.107184,0.155025,328.2498,284.6873,340.9308,0.627451,False,True
180.4015,-0.182509,1.51617,0.005082,14.79689,277.9438,351.8549,0,0,0,0,0,0,-0.378916,1.108009,0.154715,327.8123,284.6802,341.2295,1,False,True
180.4123,-0.183185,1.516008,0.005829,14.8362,278.1475,351.8042,0,0,0,0,0,0,-0.378356,1.109198,0.154472,327.2173,284.798,341.2274,1,False,True
180.4238,-0.18388,1.51587,0.006588,14.88678,278.345,351.7398,0,0,0,0,0,0,-0.37823,1.109806,0.154388,326.8153,284.7863,341.2407,1,False,True
180.4348,-0.184584,1.515687,0.007345,14.93657,278.5404,351.6615,0,0,0,0,0,0,-0.377982,1.110644,0.154123,326.4921,284.7173,341.2208,1,False,True
180.4458,-0.185259,1.515461,0.007977,15.02454,278.7253,351.5787,0,0,0,0,0,0,-0.378204,1.110991,0.153641,326.2566,284.4487,341.5254,1,False,True
180.457,-0.185921,1.515258,0.008573,15.1283,278.9164,351.4946,0,0,0,0,0,0,-0.377979,1.111948,0.153178,325.9681,284.2001,341.8533,1,False,True
180.4679,-0.186585,1.514985,0.009166,15.26831,279.0871,351.3965,0,0,0,0,0,0,-0.378297,1.112292,0.152522,325.7136,283.8734,342.3057,1,False,True
180.4791,-0.187202,1.51469,0.009729,15.39158,279.258,351.3449,0,0,0,0,0,0,-0.378307,1.112799,0.151915,325.3955,283.537,342.839,1,False,True
180.4903,-0.187798,1.514385,0.01028,15.53768,279.4125,351.2892,0,0,0,0,0,0,-0.378353,1.113449,0.151122,325.1067,283.2532,343.3219,1,False,True
180.5013,-0.188394,1.514114,0.010827,15.66212,279.5584,351.249,0,0,0,0,0,0,-0.37843,1.113764,0.150634,324.8937,282.9967,343.8701,1,False,True
180.5124,-0.188966,1.513815,0.011302,15.78682,279.7135,351.23,0,0,0,0,0,0,-0.378424,1.114089,0.150241,324.7584,282.7426,344.2455,1,False,True
180.5235,-0.189529,1.513536,0.011774,15.90634,279.8383,351.211,0,0,0,0,0,0,-0.378609,1.1144,0.149834,324.6362,282.5453,344.611,1,False,True
180.5345,-0.190131,1.513291,0.01219,16.02255,279.9827,351.2011,0,0,0,0,0,0,-0.378702,1.114651,0.149542,324.4827,282.3837,345.0284,1,False,True
180.5457,-0.190708,1.513031,0.012573,16.12039,280.1027,351.1607,0,0,0,0,0,0,-0.378891,1.114724,0.149296,324.3806,282.3013,345.3521,1,False,True
180.5572,-0.191265,1.512816,0.012951,16.22499,280.2288,351.1328,0,0,0,0,0,0,-0.378885,1.114837,0.149508,324.3206,282.3461,345.405,1,False,True
180.5682,-0.191872,1.512561,0.013309,16.33849,280.3518,351.1014,0,0,0,0,0,0,-0.379091,1.114837,0.149646,324.2509,282.3653,345.5382,1,False,True
180.5793,-0.192434,1.512351,0.013577,16.43879,280.4655,351.0669,0,0,0,0,0,0,-0.3793,1.114597,0.149961,324.2499,282.4771,345.5802,0.941177,False,True
180.5907,-0.192941,1.512139,0.01384,16.53474,280.5818,351.0402,0,0,0,0,0,0,-0.379555,1.1143,0.150338,324.3004,282.6275,345.598,0.596079,False,True
180.6023,-0.193471,1.512035,0.014045,16.58101,280.6753,351.0126,0,0,0,0,0,0,-0.379759,1.114281,0.150491,324.4212,282.7263,345.5106,0.254902,False,True
180.6139,-0.194034,1.511974,0.014237,16.62748,280.7672,351.0391,0,0,0,0,0,0,-0.380349,1.113804,0.150998,324.6352,282.8614,345.2495,0.031373,False,False
180.6252,-0.194629,1.511934,0.014407,16.62751,280.8474,351.02,0,0,0,0,0,0,-0.38077,1.113442,0.151595,324.9089,283.0274,344.7642,0,False,False
180.6367,-0.195224,1.511916,0.014569,16.61416,280.9091,351.014,0,0,0,0,0,0,-0.381475,1.112871,0.152135,325.1805,283.2371,344.2763,0,False,False
180.6482,-0.195843,1.5119,0.014652,16.60308,280.968,350.9842,0,0,0,0,0,0,-0.381888,1.112583,0.152614,325.4188,283.4053,344.0206,0,False,False
180.6595,-0.196433,1.511899,0.014772,16.59926,281.0247,350.9631,0,0,0,0,0,0,-0.382304,1.112187,0.153181,325.6341,283.5603,343.8622,0,False,False
180.6712,-0.197006,1.51192,0.01484,16.60457,281.0779,350.9244,0,0,0,0,0,0,-0.382819,1.111696,0.153698,325.8466,283.7168,343.6916,0,False,False
180.6825,-0.197557,1.511918,0.014916,16.61223,281.114,350.8954,0,0,0,0,0,0,-0.383098,1.1114,0.154251,325.9944,283.8996,343.5883,0,False,False
180.6941,-0.198105,1.511896,0.014965,16.61406,281.1626,350.876,0,0,0,0,0,0,-0.383484,1.110995,0.154849,326.1451,284.0946,343.5149,0,False,False
180.7051,-0.198654,1.511859,0.014951,16.62393,281.1978,350.8393,0,0,0,0,0,0,-0.383763,1.110797,0.155323,326.2036,284.2993,343.535,0,False,False
180.7171,-0.19923,1.511792,0.014908,16.64187,281.2314,350.823,0,0,0,0,0,0,-0.384159,1.110568,0.155911,326.2656,284.49,343.5279,0,False,False
180.728,-0.199792,1.511699,0.014841,16.66625,281.2661,350.7965,0,0,0,0,0,0,-0.384516,1.110399,0.156375,326.3437,284.6396,343.4645,0,False,False
180.7395,-0.200352,1.511639,0.014666,16.7133,281.3016,350.7861,0,0,0,0,0,0,-0.384902,1.110179,0.15667,326.4388,284.7908,343.3878,0,False,False
180.7506,-0.200862,1.511518,0.014516,16.76238,281.3256,350.78,0,0,0,0,0,0,-0.385357,1.10998,0.156956,326.5562,284.917,343.2759,0,False,False
180.7617,-0.201402,1.511413,0.014368,16.81742,281.3484,350.7592,0,0,0,0,0,0,-0.385764,1.109766,0.157247,326.6752,285.0428,343.1691,0,False,False
180.773,-0.201963,1.511298,0.014207,16.86931,281.3792,350.7553,0,0,0,0,0,0,-0.386237,1.109597,0.157453,326.8024,285.1145,343.0448,0,False,False
180.7839,-0.202535,1.511183,0.014003,16.92807,281.3959,350.7659,0,0,0,0,0,0,-0.386842,1.109502,0.157484,326.9042,285.1771,342.9758,0,False,False
180.795,-0.20308,1.511095,0.013827,16.98227,281.427,350.7713,0,0,0,0,0,0,-0.387302,1.109415,0.157695,326.9752,285.2463,342.9663,0,False,False
180.8082,-0.203641,1.510953,0.013595,17.04127,281.447,350.7796,0,0,0,0,0,0,-0.38779,1.109284,0.157728,327.0247,285.3203,343.0152,0,False,False
180.8174,-0.204197,1.510802,0.013319,17.11287,281.4783,350.7959,0,0,0,0,0,0,-0.38829,1.109208,0.157827,327.0596,285.3862,343.0703,0,False,False
180.8278,-0.20472,1.510653,0.013015,17.17747,281.4973,350.8026,0,0,0,0,0,0,-0.388557,1.109181,0.15797,327.0587,285.4722,343.1303,0,False,False
180.8389,-0.205273,1.510517,0.012724,17.24984,281.5209,350.8131,0,0,0,0,0,0,-0.388856,1.109161,0.158016,327.06,285.5568,343.1419,0,False,False
180.85,-0.205814,1.510391,0.01238,17.30775,281.5429,350.8286,0,0,0,0,0,0,-0.38919,1.109251,0.157981,327.0167,285.6498,343.134,0,False,False
180.8611,-0.206373,1.510288,0.012089,17.37297,281.5632,350.8493,0,0,0,0,0,0,-0.389469,1.109259,0.157825,326.9884,285.7274,343.1444,0,False,False
180.8723,-0.206848,1.510142,0.011759,17.42788,281.5726,350.8581,0,0,0,0,0,0,-0.389837,1.109303,0.15764,326.9816,285.7819,343.1863,0,False,False
180.8833,-0.207359,1.510026,0.011386,17.48619,281.591,350.8766,0,0,0,0,0,0,-0.390153,1.109376,0.157475,326.9907,285.8331,343.2146,0,False,False
180.8945,-0.20784,1.509892,0.010922,17.55419,281.6222,350.8931,0,0,0,0,0,0,-0.390478,1.109312,0.157155,326.9967,285.8485,343.2697,0,False,False
180.9058,-0.208332,1.509734,0.010544,17.61768,281.6379,350.9026,0,0,0,0,0,0,-0.390889,1.109277,0.156848,327.0243,285.8486,343.3964,0,False,False
180.9168,-0.208828,1.509606,0.010084,17.68163,281.6628,350.9114,0,0,0,0,0,0,-0.391276,1.109231,0.156367,327.0352,285.8265,343.6062,0,False,False
180.9279,-0.209362,1.509477,0.009537,17.73849,281.7057,350.9307,0,0,0,0,0,0,-0.39171,1.109244,0.155803,327.0366,285.7643,344.0407,0,False,False
180.9388,-0.209863,1.509434,0.009058,17.7964,281.7301,350.941,0,0,0,0,0,0,-0.392004,1.109195,0.155293,327.005,285.7267,344.465,0,False,False
180.9502,-0.210394,1.509348,0.008529,17.83329,281.7794,350.9506,0,0,0,0,0,0,-0.392186,1.109305,0.154549,326.8536,285.7779,345.047,0,False,False
180.9611,-0.210864,1.509276,0.007988,17.89484,281.8214,350.9462,0,0,0,0,0,0,-0.392325,1.109433,0.154053,326.7332,285.8656,345.4376,0,False,False
180.9722,-0.211341,1.509145,0.007393,17.95257,281.8626,350.931,0,0,0,0,0,0,-0.392307,1.109539,0.153626,326.5676,286.0254,345.7151,0,False,False
180.9833,-0.211776,1.508955,0.006736,18.05923,281.917,350.8701,0,0,0,0,0,0,-0.392322,1.109626,0.15334,326.4242,286.354,345.7061,0,False,False
180.9944,-0.212185,1.508776,0.006018,18.19844,281.9962,350.7936,0,0,0,0,0,0,-0.392429,1.109612,0.153107,326.4435,286.6888,345.6783,0,False,False
181.0055,-0.212578,1.50859,0.005354,18.40601,282.0729,350.7186,0,0,0,0,0,0,-0.392537,1.109444,0.152844,326.5264,286.9711,345.5573,0,False,False
181.0166,-0.213035,1.508405,0.00469,18.58715,282.1674,350.6748,0,0,0,0,0,0,-0.392757,1.109177,0.152673,326.7327,287.2804,345.2207,0,False,False
181.0278,-0.213479,1.508224,0.003958,18.79361,282.2989,350.672,0,0,0,0,0,0,-0.392944,1.108944,0.152632,326.9826,287.6688,344.8833,0,False,False
181.039,-0.213892,1.507968,0.003276,18.99354,282.415,350.67,0,0,0,0,0,0,-0.393154,1.108685,0.152664,327.2363,288.1231,344.6192,0,False,False
181.0502,-0.214298,1.507751,0.002525,19.18969,282.5222,350.6787,0,0,0,0,0,0,-0.393189,1.108455,0.152862,327.4965,288.5352,344.3471,0,False,False
181.061,-0.214756,1.507467,0.001806,19.35217,282.6426,350.6784,0,0,0,0,0,0,-0.393238,1.108244,0.152914,327.7307,288.9246,344.057,0,False,False
181.0723,-0.215229,1.507155,0.001009,19.52503,282.7699,350.6897,0,0,0,0,0,0,-0.393284,1.10809,0.153149,327.987,289.3938,343.8036,0,False,False
181.0832,-0.215675,1.506948,0.000289,19.69819,282.8911,350.7054,0,0,0,0,0,0,-0.39331,1.107896,0.153415,328.2826,289.9579,343.508,0,False,False
181.0943,-0.216204,1.506727,-0.000498,19.81599,283.0586,350.7135,0,0,0,0,0,0,-0.393189,1.10769,0.1541,328.6328,290.6412,343.0394,0,False,False
181.1057,-0.216773,1.506542,-0.001317,19.96807,283.2318,350.722,0,0,0,0,0,0,-0.392954,1.107448,0.154824,329.0138,291.3839,342.4221,0,False,False
181.1167,-0.217276,1.506349,-0.002149,20.0921,283.4057,350.7169,0,0,0,0,0,0,-0.392649,1.107065,0.155821,329.5447,292.3563,341.2992,0,False,False
181.1278,-0.217811,1.506186,-0.002952,20.20217,283.576,350.7292,0,0,0,0,0,0,-0.392494,1.106384,0.157078,330.273,293.4512,339.8282,0,False,False
181.1388,-0.218363,1.506005,-0.003786,20.31702,283.7454,350.7652,0,0,0,0,0,0,-0.392323,1.105181,0.158575,331.2273,294.6245,338.1435,0,False,False
181.15,-0.218859,1.50585,-0.004588,20.44812,283.931,350.7789,0,0,0,0,0,0,-0.392354,1.103711,0.160282,332.3505,295.7351,336.7179,0,False,False
181.1611,-0.219422,1.505641,-0.005486,20.52106,284.1127,350.7771,0,0,0,0,0,0,-0.392309,1.102122,0.161634,333.4499,296.7165,335.6068,0,False,False
181.1722,-0.219929,1.505372,-0.006405,20.58483,284.3117,350.8063,0,0,0,0,0,0,-0.39227,1.100402,0.162851,334.6691,297.6884,334.8068,0,False,False
181.1833,-0.220481,1.505187,-0.007358,20.66374,284.4979,350.8286,0,0,0,0,0,0,-0.391954,1.098469,0.164098,335.8388,298.607,334.1205,0,False,False
181.1945,-0.221063,1.504928,-0.008464,20.77016,284.6901,350.8384,0,0,0,0,0,0,-0.391596,1.096358,0.165311,336.9751,299.5926,332.9697,0,False,False
181.2059,-0.22159,1.504676,-0.00949,20.87952,284.9018,350.8678,0,0,0,0,0,0,-0.391237,1.094368,0.166789,338.1716,300.6351,331.6883,0,False,False
181.2171,-0.222049,1.50442,-0.010564,20.96799,285.1347,350.894,0,0,0,0,0,0,-0.390989,1.092397,0.168147,339.3421,301.6357,330.8941,0,False,False
181.2282,-0.222567,1.504194,-0.01162,21.02712,285.3721,350.9711,0,0,0,0,0,0,-0.390295,1.090744,0.169178,340.1884,302.7271,331.6331,0,False,False
181.2394,-0.223052,1.503936,-0.012715,21.12872,285.6302,351.0127,0,0,0,0,0,0,-0.389392,1.089506,0.169793,340.7235,303.7375,333.1697,0,False,False
181.2504,-0.223541,1.503725,-0.013864,21.20734,285.8849,351.0737,0,0,0,0,0,0,-0.388229,1.089526,0.169749,340.481,304.7007,336.791,0,False,False
181.2615,-0.224074,1.503489,-0.01496,21.27586,286.1409,351.1385,0,0,0,0,0,0,-0.386862,1.090218,0.169289,339.7314,305.729,341.0572,0,False,False
181.2728,-0.224599,1.503268,-0.01617,21.33638,286.436,351.2163,0,0,0,0,0,0,-0.385028,1.091604,0.168846,338.7012,306.9532,344.9954,0,False,False
181.2839,-0.225122,1.503059,-0.017337,21.40606,286.7239,351.2881,0,0,0,0,0,0,-0.382269,1.093359,0.169163,337.6431,308.2507,347.8839,0,False,False
181.2948,-0.225738,1.502862,-0.018634,21.4809,287.0196,351.3566,0,0,0,0,0,0,-0.379126,1.094516,0.169713,336.8838,309.3868,349.2908,0,False,False
181.3059,-0.226338,1.50263,-0.019911,21.55674,287.3354,351.4143,0,0,0,0,0,0,-0.375122,1.096134,0.170712,335.9954,310.2494,348.6457,0,False,False
181.3171,-0.226961,1.502413,-0.021219,21.60105,287.6744,351.5199,0,0,0,0,0,0,-0.371159,1.097907,0.171186,334.8429,311.1647,346.4042,0,False,False
181.3282,-0.227674,1.502115,-0.022561,21.62108,288.0251,351.6293,0,0,0,0,0,0,-0.366865,1.100681,0.171472,333.2004,311.8717,344.3902,0,False,False
181.3393,-0.228342,1.50182,-0.023911,21.68669,288.3736,351.7311,0,0,0,0,0,0,-0.363373,1.10353,0.170789,331.5325,312.5138,343.8851,0,False,False
181.3504,-0.229094,1.501493,-0.025259,21.75673,288.7587,351.8382,0,0,0,0,0,0,-0.359893,1.107572,0.169273,329.4922,312.5159,345.0267,0,False,False
181.3614,-0.229862,1.50106,-0.026597,21.78652,289.129,351.9446,0,0,0,0,0,0,-0.356547,1.111516,0.167401,327.314,312.1279,347.1248,0,False,False
181.3726,-0.230682,1.500663,-0.027927,21.85019,289.5322,352.1129,0,0,0,0,0,0,-0.353245,1.116256,0.16547,324.9087,311.605,349.2101,0,False,False
181.3837,-0.231567,1.500219,-0.02928,21.85521,289.9286,352.2499,0,0,0,0,0,0,-0.349618,1.121294,0.163278,322.2072,311.2876,350.7827,0,False,False
181.3948,-0.23254,1.499807,-0.030617,21.86489,290.312,352.4026,0,0,0,0,0,0,-0.345364,1.126098,0.161062,319.5463,311.2619,351.8875,0,False,False
181.406,-0.233671,1.499436,-0.031976,21.89206,290.7131,352.5607,0,0,0,0,0,0,-0.341135,1.13211,0.1589,316.4745,311.642,352.649,0,False,False
181.417,-0.234751,1.498992,-0.033327,21.93805,291.1049,352.7175,0,0,0,0,0,0,-0.335881,1.137896,0.156642,313.3972,312.3128,352.8144,0,False,False
181.4281,-0.235902,1.498516,-0.034665,22.01618,291.4717,352.8816,0,0,0,0,0,0,-0.330465,1.143717,0.154105,310.234,312.7383,353.2641,0,False,False
181.4391,-0.237117,1.498037,-0.035995,22.1058,291.8414,353.0617,0,0,0,0,0,0,-0.324899,1.15005,0.151001,307.0308,312.7614,354.3032,0,False,False
181.4503,-0.238354,1.497582,-0.037312,22.18044,292.205,353.247,0,0,0,0,0,0,-0.319029,1.155774,0.147528,303.8447,312.6225,355.5462,0,False,False
181.4614,-0.239712,1.497033,-0.038572,22.22392,292.5475,353.422,0,0,0,0,0,0,-0.31283,1.162315,0.143333,300.1916,312.3138,356.7385,0,False,False
181.4726,-0.241068,1.496499,-0.039751,22.2602,292.8824,353.5855,0,0,0,0,0,0,-0.306907,1.167906,0.138911,296.648,312.1004,357.7395,0,False,False
181.4836,-0.24254,1.495817,-0.040936,22.29412,293.2029,353.7206,0,0,0,0,0,0,-0.300931,1.173303,0.134121,292.8788,311.6257,358.8761,0,False,False
181.4948,-0.24396,1.494985,-0.042149,22.36786,293.5214,353.8389,0,0,0,0,0,0,-0.29507,1.178217,0.129194,289.2238,310.633,0.657136,0,False,False
181.506,-0.245439,1.493954,-0.043339,22.45231,293.8327,353.9539,0,0,0,0,0,0,-0.289559,1.182766,0.124254,285.8362,309.1082,2.864503,0,False,False
181.5171,-0.24689,1.492888,-0.044481,22.51898,294.1356,354.106,0,0,0,0,0,0,-0.285214,1.186663,0.119918,282.8257,306.9916,5.278591,0,False,False
181.528,-0.248368,1.491681,-0.045624,22.63095,294.4164,354.2578,0,0,0,0,0,0,-0.280624,1.19012,0.115973,280.212,304.4834,7.618883,0,False,False
181.5393,-0.249881,1.490541,-0.046676,22.81451,294.6884,354.4297,0,0,0,0,0,0,-0.276954,1.193184,0.112296,277.975,299.1503,12.90851,0,False,False
181.5503,-0.25134,1.489375,-0.047626,23.01882,294.9485,354.6178,0,0,0,0,0,0,-0.27375,1.195798,0.108419,276.0872,290.1099,22.28912,0,False,False
181.5615,-0.252832,1.48829,-0.048452,23.24161,295.21,354.9186,0,0,0,0,0,0,-0.271621,1.197829,0.105303,274.9113,279.1402,33.81359,0,False,False
181.5725,-0.254405,1.487388,-0.049225,23.50089,295.4727,355.25,0,0,0,0,0,0,-0.269243,1.199845,0.10242,273.8628,265.1872,48.32714,0,False,False
181.5836,-0.256004,1.486644,-0.049818,23.81237,295.694,355.6084,0,0,0,0,0,0,-0.268708,1.201217,0.101219,273.4588,265.7427,48.71602,0,False,False
181.5948,-0.257609,1.485979,-0.050346,24.12375,295.9236,355.968,0,0,0,0,0,0,-0.267625,1.202997,0.099457,272.9723,254.7101,60.54738,0,False,False
181.6058,-0.259225,1.485422,-0.050707,24.44721,296.1546,356.3796,0,0,0,0,0,0,-0.267698,1.204042,0.098457,273.004,248.1815,67.60465,0,False,False
181.6169,-0.260844,1.485003,-0.050992,24.78625,296.3574,356.7776,0,0,0,0,0,0,-0.268442,1.204618,0.09728,273.3223,243.5375,72.83717,0,False,False
181.628,-0.262456,1.484617,-0.051242,25.12101,296.5371,357.1568,0,0,0,0,0,0,-0.269475,1.205506,0.096798,273.5137,243.1713,73.86613,0,False,False
181.6392,-0.264161,1.484372,-0.051364,25.51836,296.701,357.5089,0,0,0,0,0,0,-0.270739,1.206006,0.096714,273.6841,247.6698,69.92582,0,False,False
181.6504,-0.265874,1.484097,-0.051375,25.79231,296.8607,357.804,0,0,0,0,0,0,-0.271918,1.206782,0.096599,273.8859,251.2935,66.60809,0,False,False
181.6613,-0.267693,1.484069,-0.051188,26.07688,296.9756,358.0537,0,0,0,0,0,0,-0.273827,1.207321,0.097419,274.16,258.4678,59.28682,0,False,False
181.6734,-0.269626,1.484132,-0.050904,26.379,297.0849,358.3127,0,0,0,0,0,0,-0.275857,1.207771,0.098321,274.4239,265.1035,52.4381,0,False,False
181.6835,-0.271744,1.484161,-0.050388,26.4235,297.18,358.418,0,0,0,0,0,0,-0.277886,1.208258,0.099175,274.69,270.3973,46.97565,0,False,False
181.6946,-0.273976,1.484236,-0.049795,26.44843,297.2819,358.4879,0,0,0,0,0,0,-0.280833,1.208316,0.101025,275.0941,278.3899,38.40157,0,False,False
181.7058,-0.276423,1.484368,-0.048991,26.31769,297.3586,358.5014,0,0,0,0,0,0,-0.283364,1.208683,0.102681,275.5687,284.0387,32.37577,0,False,False
181.7169,-0.279023,1.484488,-0.047983,26.133,297.443,358.4584,0,0,0,0,0,0,-0.28641,1.208725,0.104844,276.2541,290.3252,25.47008,0,False,False
181.7279,-0.281654,1.48454,-0.046979,25.97533,297.5057,358.3606,0,0,0,0,0,0,-0.289435,1.208735,0.107095,276.9613,294.9302,20.45559,0,False,False
181.7392,-0.284528,1.484569,-0.04584,25.79175,297.5721,358.2054,0,0,0,0,0,0,-0.293038,1.208627,0.109663,277.5913,298.5966,16.6906,0,False,False
181.7503,-0.287434,1.484526,-0.044651,25.6397,297.6513,358.0688,0,0,0,0,0,0,-0.296408,1.208296,0.111969,278.153,301.3725,13.75573,0,False,False
181.7613,-0.290535,1.484377,-0.043365,25.45993,297.7173,357.8812,0,0,0,0,0,0,-0.299842,1.207883,0.114466,278.3937,303.8075,11.38123,0,False,False
181.7724,-0.293731,1.484203,-0.041889,25.3336,297.7673,357.7338,0,0,0,0,0,0,-0.303295,1.207447,0.116837,278.6935,305.9406,9.324631,0,False,False
181.7835,-0.297003,1.483922,-0.040436,25.22288,297.8161,357.5869,0,0,0,0,0,0,-0.306828,1.206828,0.119334,278.8547,307.8843,7.693531,0,False,False
181.7946,-0.300476,1.483473,-0.038815,25.14275,297.8349,357.489,0,0,0,0,0,0,-0.310477,1.206109,0.121752,279.045,309.3557,6.631591,0,False,False
181.8058,-0.304004,1.48298,-0.037125,25.09729,297.8634,357.4041,0,0,0,0,0,0,-0.314499,1.205351,0.124229,279.2634,310.6354,5.644943,0,False,False
181.8168,-0.30769,1.482369,-0.035296,25.09356,297.8567,357.3317,0,0,0,0,0,0,-0.318614,1.204581,0.126777,279.3747,311.4858,5.050933,0,False,False
181.828,-0.311496,1.481763,-0.033379,25.10491,297.8504,357.2741,0,0,0,0,0,0,-0.322839,1.203666,0.129244,279.5252,312.299,4.428777,0,False,False
181.8391,-0.315485,1.481022,-0.031355,25.17707,297.8349,357.2401,0,0,0,0,0,0,-0.32727,1.203004,0.131977,279.7451,312.9413,3.658143,0,False,False
181.8502,-0.31949,1.480259,-0.029266,25.24695,297.7988,357.21,0,0,0,0,0,0,-0.332025,1.202232,0.134812,280.1135,313.7428,2.690945,0,False,False
181.8611,-0.323715,1.479348,-0.027041,25.36906,297.7317,357.1869,0,0,0,0,0,0,-0.336884,1.201429,0.137525,280.4836,314.3366,2.070963,0,False,False
181.8725,-0.328106,1.47836,-0.024669,25.53174,297.6485,357.1796,0,0,0,0,0,0,-0.342291,1.200642,0.140413,280.8946,314.2875,2.223092,0,False,False
181.8835,-0.332501,1.477427,-0.022243,25.68305,297.5634,357.182,0,0,0,0,0,0,-0.347498,1.199813,0.143085,281.2434,313.9685,2.584159,0,False,False
181.8945,-0.337139,1.476397,-0.019601,25.85993,297.4359,357.1828,0,0,0,0,0,0,-0.35332,1.199183,0.145962,281.5117,313.0452,3.195103,0,False,False
181.9057,-0.341878,1.475304,-0.016885,26.00587,297.3013,357.1682,0,0,0,0,0,0,-0.359148,1.19851,0.148788,281.6894,312.3745,3.553883,0,False,False
181.9168,-0.346786,1.474175,-0.014051,26.16739,297.1259,357.1333,0,0,0,0,0,0,-0.364824,1.1977,0.151691,281.8609,312.0487,3.572749,0,False,False
181.9279,-0.351785,1.472992,-0.011179,26.29778,296.9427,357.0824,0,0,0,0,0,0,-0.370931,1.196844,0.155069,282.0411,312.2358,2.821743,0,False,False
181.9391,-0.356958,1.471719,-0.008075,26.42215,296.7254,356.9934,0,0,0,0,0,0,-0.376758,1.196035,0.158563,282.335,312.214,2.211874,0,False,False
181.95,-0.362137,1.470378,-0.004945,26.49268,296.4909,356.896,0,0,0,0,0,0,-0.382927,1.195134,0.162443,282.7499,312.3605,0.912385,0,False,False
181.9613,-0.367433,1.469035,-0.001634,26.55157,296.2324,356.8115,0,0,0,0,0,0,-0.389175,1.194324,0.166401,283.1965,312.768,359.5773,0,False,False
181.9724,-0.372796,1.467759,0.001817,26.61061,295.9755,356.6961,0,0,0,0,0,0,-0.395839,1.193448,0.170848,283.7387,313.9144,357.69,0,False,False
181.9834,-0.378155,1.466509,0.005233,26.6677,295.7314,356.5761,0,0,0,0,0,0,-0.402309,1.192726,0.175125,284.2237,314.9317,356.218,0,False,False
181.9945,-0.383647,1.465232,0.00901,26.70312,295.4514,356.4284,0,0,0,0,0,0,-0.409175,1.19198,0.179776,284.7309,316.4686,354.6509,0,False,False
182.0056,-0.389161,1.463955,0.012746,26.70057,295.1918,356.2988,0,0,0,0,0,0,-0.416007,1.191491,0.184478,285.1243,317.771,353.5045,0,False,False
182.0168,-0.394723,1.462697,0.016605,26.67322,294.9038,356.1446,0,0,0,0,0,0,-0.422805,1.19078,0.189053,285.4596,318.9129,352.3293,0,False,False
182.028,-0.400382,1.461556,0.02062,26.62234,294.6074,355.9754,0,0,0,0,0,0,-0.429478,1.190336,0.193787,285.6212,320.1687,350.971,0,False,False
182.039,-0.406039,1.460548,0.024675,26.53417,294.2969,355.8109,0,0,0,0,0,0,-0.436231,1.18995,0.198365,285.6962,321.434,349.5129,0,False,False
182.0501,-0.411738,1.459667,0.028922,26.47135,293.9901,355.6524,0,0,0,0,0,0,-0.442954,1.189435,0.20299,285.6782,322.7446,348.0246,0,False,False
182.0612,-0.417505,1.458768,0.033147,26.40769,293.6796,355.4977,0,0,0,0,0,0,-0.449861,1.189162,0.207733,285.6217,323.9501,346.704,0,False,False
182.0724,-0.423199,1.457923,0.037451,26.33619,293.394,355.3585,0,0,0,0,0,0,-0.456688,1.188937,0.212229,285.5225,325.0482,345.5373,0,False,False
182.0834,-0.428907,1.457079,0.04168,26.2156,293.1295,355.2326,0,0,0,0,0,0,-0.463649,1.188952,0.216738,285.347,326.0524,344.4272,0,False,False
182.0945,-0.434735,1.456312,0.046027,26.03929,292.8777,355.1035,0,0,0,0,0,0,-0.47062,1.188953,0.221085,285.18,327.0126,343.334,0,False,False
182.1057,-0.440552,1.455764,0.050389,25.86659,292.6377,354.9906,0,0,0,0,0,0,-0.477957,1.189178,0.225551,284.9163,327.8178,342.4286,0,False,False
182.1168,-0.446305,1.455334,0.054736,25.72828,292.4091,354.9348,0,0,0,0,0,0,-0.485173,1.189371,0.229944,284.7155,328.572,341.5493,0,False,False
182.1278,-0.452072,1.455044,0.059138,25.59465,292.1631,354.9082,0,0,0,0,0,0,-0.492621,1.18982,0.234286,284.4913,329.0851,340.8377,0,False,False
182.1389,-0.457804,1.454973,0.063435,25.52627,291.929,354.8956,0,0,0,0,0,0,-0.500002,1.190419,0.238669,284.2623,329.6398,340.0555,0,False,False
182.1501,-0.463553,1.455274,0.067796,25.53282,291.6985,354.8899,0,0,0,0,0,0,-0.507732,1.191067,0.242921,283.9784,330.0118,339.5368,0,False,False
182.1612,-0.469262,1.455593,0.072096,25.56242,291.4753,354.9024,0,0,0,0,0,0,-0.515931,1.192255,0.247285,283.6855,329.8606,339.4878,0,False,False
182.1734,-0.474804,1.456142,0.076384,25.61939,291.2536,354.94,0,0,0,0,0,0,-0.524649,1.193209,0.251934,283.4114,329.8441,339.2635,0,False,False
182.1835,-0.480365,1.456794,0.080409,25.68436,291.0439,354.9949,0,0,0,0,0,0,-0.532183,1.194315,0.255769,283.205,329.5874,339.2543,0,False,False
182.1944,-0.485781,1.457608,0.084315,25.74947,290.8134,355.0376,0,0,0,0,0,0,-0.540659,1.19579,0.25993,283.0806,328.7615,339.7103,0,False,False
182.2057,-0.491223,1.458696,0.088201,25.85409,290.6022,355.0695,0,0,0,0,0,0,-0.549908,1.197509,0.264226,283.1026,327.4161,340.595,0,False,False
182.2166,-0.496602,1.459913,0.091974,25.9089,290.3647,355.1058,0,0,0,0,0,0,-0.559221,1.199603,0.268408,283.3383,325.6479,341.8148,0,False,False
182.2278,-0.501999,1.4613,0.095687,25.95571,290.1178,355.1458,0,0,0,0,0,0,-0.568653,1.201613,0.272706,283.6568,323.9022,343,0,False,False
182.2389,-0.507372,1.462862,0.099222,25.9543,289.9028,355.1904,0,0,0,0,0,0,-0.578591,1.204518,0.276994,284.3003,322.1204,343.9806,0,False,False
182.25,-0.512769,1.464325,0.102663,25.88527,289.6821,355.2553,0,0,0,0,0,0,-0.588113,1.207135,0.281363,284.7143,320.9158,344.5246,0,False,False
182.2611,-0.518291,1.465912,0.105943,25.7013,289.4834,355.3049,0,0,0,0,0,0,-0.597795,1.210113,0.285586,285.2314,319.7166,344.9239,0,False,False
182.2723,-0.52389,1.467401,0.109197,25.51839,289.2517,355.3066,0,0,0,0,0,0,-0.607462,1.213275,0.289932,285.7019,318.5174,345.2475,0,False,False
182.2833,-0.529387,1.468742,0.112365,25.33049,289.0148,355.3053,0,0,0,0,0,0,-0.617053,1.216163,0.293937,286.1203,317.2493,345.8049,0,False,False
182.2945,-0.535013,1.46994,0.115395,25.11179,288.765,355.2876,0,0,0,0,0,0,-0.627034,1.219311,0.297614,286.4863,315.5002,347.0528,0,False,False
182.3056,-0.540572,1.471142,0.118416,24.95783,288.5229,355.2524,0,0,0,0,0,0,-0.637143,1.222543,0.301087,286.8745,313.3822,348.723,0,False,False
182.3166,-0.546119,1.472086,0.1212,24.88239,288.2582,355.1749,0,0,0,0,0,0,-0.647207,1.225487,0.304436,287.3112,311.3309,350.0883,0,False,False
182.3278,-0.551692,1.472747,0.123854,24.89041,287.9797,355.0887,0,0,0,0,0,0,-0.657085,1.228552,0.307804,287.7049,309.584,350.8328,0,False,False
182.3388,-0.55719,1.473291,0.12642,24.96629,287.7033,355.0008,0,0,0,0,0,0,-0.666642,1.231443,0.310978,288.0397,308.0735,351.3813,0,False,False
182.35,-0.562764,1.473771,0.128869,25.13481,287.437,354.9059,0,0,0,0,0,0,-0.676153,1.23449,0.314152,288.3306,306.7169,351.9023,0,False,False
182.3613,-0.568767,1.47409,0.130806,25.41061,287.1639,354.7752,0,0,0,0,0,0,-0.685458,1.237601,0.317037,288.4311,305.6457,352.2732,0,False,False
182.3721,-0.574457,1.474562,0.133102,25.68869,286.8866,354.6482,0,0,0,0,0,0,-0.69467,1.240241,0.319745,288.3928,304.6348,352.997,0,False,False
182.3833,-0.580143,1.474859,0.135268,26.01199,286.6308,354.5092,0,0,0,0,0,0,-0.704576,1.243133,0.322163,288.4496,303.1276,354.6058,0,False,False
182.3944,-0.585871,1.475014,0.137303,26.35702,286.3726,354.3593,0,0,0,0,0,0,-0.71442,1.245712,0.324529,288.6861,301.4392,356.3874,0,False,False
182.4056,-0.591592,1.475119,0.139285,26.71551,286.1219,354.2342,0,0,0,0,0,0,-0.724524,1.248451,0.326875,289.2536,299.7715,357.9308,0,False,False
182.4166,-0.597563,1.474983,0.140942,27.09286,285.8932,354.1032,0,0,0,0,0,0,-0.734421,1.251029,0.329556,289.9357,299.1345,357.6681,0,False,False
182.4277,-0.603544,1.474902,0.14272,27.42946,285.6583,353.9992,0,0,0,0,0,0,-0.743969,1.253603,0.332812,290.6571,299.3874,356.0288,0,False,False
182.4388,-0.609578,1.474772,0.144379,27.7501,285.4582,353.9079,0,0,0,0,0,0,-0.753577,1.256114,0.33584,291.2858,299.7017,354.4736,0,False,False
182.4498,-0.615697,1.474583,0.146047,28.04867,285.2563,353.8204,0,0,0,0,0,0,-0.763021,1.258386,0.339483,292.0143,300.8951,351.7964,0,False,False
182.4611,-0.621949,1.474258,0.147783,28.31078,285.0733,353.756,0,0,0,0,0,0,-0.772843,1.260293,0.34305,292.8765,301.6965,349.9335,0,False,False
182.4723,-0.62829,1.473907,0.14937,28.55184,284.9107,353.7062,0,0,0,0,0,0,-0.783437,1.262094,0.345963,293.8134,301.5786,349.851,0,False,False
182.4832,-0.634849,1.473349,0.150777,28.74914,284.7886,353.6832,0,0,0,0,0,0,-0.793795,1.263872,0.348713,294.7178,301.1372,350.3498,0,False,False
182.4944,-0.641346,1.472663,0.152234,28.96408,284.6768,353.6826,0,0,0,0,0,0,-0.804512,1.265287,0.351323,295.6011,300.4451,351.4543,0,False,False
182.5055,-0.647977,1.471917,0.153591,29.20517,284.5816,353.6963,0,0,0,0,0,0,-0.815431,1.266304,0.353559,296.3591,299.6846,352.4566,0,False,False
182.5166,-0.654666,1.471085,0.154946,29.4696,284.5167,353.7313,0,0,0,0,0,0,-0.82631,1.26705,0.355606,297.1784,298.9667,353.2855,0,False,False
182.5278,-0.661567,1.470232,0.15624,29.73809,284.4673,353.7561,0,0,0,0,0,0,-0.837057,1.267897,0.358082,298.0477,298.574,353.3781,0,False,False
182.5388,-0.668576,1.469307,0.157486,29.97167,284.4455,353.7881,0,0,0,0,0,0,-0.84735,1.268489,0.36082,298.8486,298.8762,351.8702,0,False,False
182.5499,-0.675592,1.468256,0.158717,30.16018,284.4445,353.8062,0,0,0,0,0,0,-0.857114,1.268666,0.364244,299.6056,299.8172,349.222,0,False,False
182.561,-0.682826,1.467065,0.159782,30.31779,284.4904,353.8018,0,0,0,0,0,0,-0.867471,1.268678,0.367611,300.4901,300.6575,347.0077,0,False,False
182.5721,-0.690046,1.465872,0.160862,30.49091,284.5274,353.7792,0,0,0,0,0,0,-0.878564,1.268016,0.370677,301.5098,300.956,346.1127,0,False,False
182.5834,-0.697427,1.46455,0.161721,30.64502,284.6016,353.8041,0,0,0,0,0,0,-0.889967,1.267503,0.373034,302.4973,300.7627,346.3086,0,False,False
182.5943,-0.704794,1.463207,0.162601,30.84243,284.6763,353.8278,0,0,0,0,0,0,-0.902181,1.26588,0.374954,303.5563,299.8983,348.0529,0,False,False
182.6055,-0.712344,1.461739,0.163339,31.03901,284.7661,353.9075,0,0,0,0,0,0,-0.915155,1.263771,0.376344,304.7299,298.5705,350.5036,0,False,False
182.6165,-0.719775,1.460143,0.163927,31.25002,284.8709,354.0156,0,0,0,0,0,0,-0.928408,1.261317,0.37771,306.0229,297.3015,352.7005,0,False,False
182.6277,-0.727204,1.458472,0.164485,31.44782,284.9817,354.1416,0,0,0,0,0,0,-0.941814,1.258568,0.379047,307.3921,296.2798,354.2455,0,False,False
182.6388,-0.734622,1.456646,0.164829,31.61639,285.0976,354.2713,0,0,0,0,0,0,-0.955134,1.25461,0.380583,308.9306,295.2863,354.6442,0,False,False
182.6499,-0.741968,1.454768,0.165062,31.75682,285.2425,354.4104,0,0,0,0,0,0,-0.968137,1.251034,0.382368,310.2766,294.7963,354.2149,0,False,False
182.661,-0.749346,1.452878,0.165149,31.89404,285.3833,354.5338,0,0,0,0,0,0,-0.980868,1.246695,0.38455,311.8448,294.4785,352.9675,0,False,False
182.6721,-0.756696,1.451001,0.165129,32.06854,285.5321,354.6068,0,0,0,0,0,0,-0.994026,1.241671,0.386778,313.7374,294.1595,352.3526,0,False,False
182.6831,-0.763911,1.449146,0.164898,32.30974,285.7054,354.6359,0,0,0,0,0,0,-1.00734,1.236749,0.388505,315.6721,293.7542,352.2324,0,False,False
182.6942,-0.771084,1.447362,0.16454,32.56104,285.8951,354.6693,0,0,0,0,0,0,-1.021333,1.230361,0.390305,318.0617,293.2436,352.3863,0,False,False
182.7053,-0.778138,1.445717,0.164008,32.85486,286.1151,354.6633,0,0,0,0,0,0,-1.035356,1.223282,0.391611,320.6719,292.548,352.5231,0,False,False
182.7165,-0.785263,1.444227,0.163227,33.14292,286.3915,354.683,0,0,0,0,0,0,-1.049006,1.21632,0.393035,323.2384,291.8787,352.343,0,False,False
182.7276,-0.792327,1.44287,0.162601,33.36208,286.6631,354.7527,0,0,0,0,0,0,-1.063023,1.20857,0.394769,326.1289,291.4594,350.9811,0,False,False
182.7387,-0.799631,1.442044,0.161817,33.47275,286.9715,354.8524,0,0,0,0,0,0,-1.076236,1.200929,0.397582,328.5717,291.7078,347.8803,0,False,False
182.7498,-0.807249,1.441872,0.161276,33.53944,287.3058,354.9142,0,0,0,0,0,0,-1.088683,1.19328,0.400832,330.6093,292.1698,344.8855,0,False,False
182.7609,-0.815348,1.442402,0.16073,33.47066,287.6757,354.989,0,0,0,0,0,0,-1.100709,1.185851,0.403327,332.3178,292.625,343.51,0,False,False
182.7724,-0.823268,1.442611,0.160081,33.3817,288.0249,354.9687,0,0,0,0,0,0,-1.112706,1.178126,0.405459,333.9546,292.8962,343.0844,0,False,False
182.7834,-0.830871,1.442633,0.15931,33.06034,288.424,355.0932,0,0,0,0,0,0,-1.123762,1.170761,0.407237,335.1855,293.1137,344.3543,0,False,False
182.7945,-0.838571,1.442861,0.158519,32.69633,288.8249,355.1967,0,0,0,0,0,0,-1.135376,1.163014,0.408507,336.4615,292.955,346.5153,0,False,False
182.8053,-0.846008,1.443536,0.157868,32.71037,289.2437,355.321,0,0,0,0,0,0,-1.14673,1.155425,0.409063,337.6481,292.5097,348.9344,0,False,False
182.8165,-0.85343,1.444295,0.157089,32.75845,289.6324,355.6094,0,0,0,0,0,0,-1.158035,1.14711,0.409771,339.0762,291.8763,350.7642,0,False,False
182.8276,-0.86081,1.445119,0.156377,32.79154,289.8947,355.8653,0,0,0,0,0,0,-1.169621,1.138777,0.410275,340.6684,291.2648,351.9372,0,False,False
182.8386,-0.867967,1.446171,0.155805,32.88237,290.2257,356.2975,0,0,0,0,0,0,-1.181155,1.129923,0.410351,342.5113,290.3496,352.3383,0,False,False
182.8498,-0.875083,1.447363,0.155382,33.01117,290.5107,356.6555,0,0,0,0,0,0,-1.192695,1.120091,0.410527,344.7809,289.4448,352.4276,0,False,False
182.8608,-0.882122,1.448534,0.155013,32.95448,290.7883,357.0349,0,0,0,0,0,0,-1.203661,1.10951,0.411,347.7061,288.644,352.4099,0,False,False
182.872,-0.88915,1.449474,0.154728,32.80284,291.0765,357.4088,0,0,0,0,0,0,-1.214356,1.098522,0.411632,350.8767,288.1467,352.3326,0,False,False
182.8831,-0.89587,1.450361,0.154677,32.64437,291.3969,357.6815,0,0,0,0,0,0,-1.223788,1.086569,0.412812,355.0277,288.0301,351.7572,0,False,False
182.8942,-0.902538,1.451044,0.154612,32.42566,291.6923,357.974,0,0,0,0,0,0,-1.232803,1.07498,0.414198,359.1233,288.0786,351.5207,0,False,False
182.9053,-0.909112,1.451586,0.154772,32.12408,291.9275,358.2689,0,0,0,0,0,0,-1.240961,1.064476,0.414944,2.367723,288.1501,352.3994,0,False,False
182.9164,-0.915544,1.452098,0.155088,31.88294,292.1216,358.496,0,0,0,0,0,0,-1.248931,1.056196,0.414634,4.470105,287.8134,354.4886,0,False,False
182.9275,-0.922202,1.452854,0.15558,31.69842,292.2754,358.7322,0,0,0,0,0,0,-1.256888,1.048332,0.41358,6.153258,287.0504,356.6196,0,False,False
182.9386,-0.928655,1.45364,0.156374,31.57723,292.3592,358.8988,0,0,0,0,0,0,-1.265363,1.042724,0.411177,6.311122,285.2856,359.1111,0,False,False
182.9497,-0.934964,1.454241,0.157035,31.55476,292.42,359.0353,0,0,0,0,0,0,-1.273076,1.03836,0.408392,5.786934,283.252,0.680636,0,False,False
182.9608,-0.941036,1.4546,0.157836,31.58649,292.4529,359.1063,0,0,0,0,0,0,-1.280708,1.034343,0.406697,5.539649,281.8549,1.061963,0,False,False
182.9719,-0.946894,1.454884,0.158583,31.66568,292.478,359.1465,0,0,0,0,0,0,-1.287939,1.029791,0.405565,5.770707,281.0812,0.881875,0,False,False
182.9832,-0.952683,1.455147,0.159533,31.85335,292.4619,359.0684,0,0,0,0,0,0,-1.294755,1.024593,0.406697,6.490316,281.3638,358.9769,0,False,False
182.9941,-0.958434,1.455332,0.160377,32.01625,292.455,358.9822,0,0,0,0,0,0,-1.301032,1.018628,0.408579,7.912505,282.2225,356.5805,0,False,False
183.0052,-0.963984,1.455454,0.161277,32.19279,292.4083,358.818,0,0,0,0,0,0,-1.307422,1.01228,0.410154,9.393946,282.8085,354.716,0,False,False
183.0163,-0.969525,1.455566,0.162244,32.39875,292.343,358.6279,0,0,0,0,0,0,-1.313243,1.004831,0.412618,11.33387,283.731,352.7003,0,False,False
183.0275,-0.974932,1.455817,0.163211,32.64779,292.269,358.4202,0,0,0,0,0,0,-1.31845,0.997389,0.414483,12.98011,284.1922,352.1523,0,False,False
183.0385,-0.980346,1.456154,0.164335,32.93736,292.1573,358.2104,0,0,0,0,0,0,-1.324221,0.990612,0.415689,14.21927,284.2969,352.1401,0,False,False
183.0496,-0.985651,1.456709,0.165462,33.24475,292.052,358.025,0,0,0,0,0,0,-1.32962,0.984578,0.416489,15.04994,284.2295,353.4956,0,False,False
183.0607,-0.990903,1.457246,0.166579,33.53976,291.9314,357.8307,0,0,0,0,0,0,-1.334933,0.97899,0.41706,15.58263,284.2256,355.2463,0,False,False
183.0719,-0.996136,1.45786,0.1677,33.80996,291.8259,357.6632,0,0,0,0,0,0,-1.34033,0.973279,0.418103,16.20615,284.3933,356.5671,0,False,False
183.0829,-1.001182,1.458524,0.168876,34.02986,291.7127,357.4772,0,0,0,0,0,0,-1.345423,0.968601,0.419303,16.76289,284.8771,357.9537,0,False,False
183.0941,-1.006341,1.459229,0.170114,34.23365,291.5835,357.2521,0,0,0,0,0,0,-1.350234,0.963209,0.421147,17.45657,285.5521,358.8124,0,False,False
183.1053,-1.01145,1.459999,0.171331,34.34211,291.4857,356.9983,0,0,0,0,0,0,-1.35481,0.958125,0.423021,18.20259,286.2432,359.3528,0,False,False
183.1163,-1.01653,1.46073,0.17259,34.40714,291.378,356.7065,0,0,0,0,0,0,-1.358843,0.952862,0.42532,19.09679,286.9972,359.1036,0,False,False
183.1275,-1.021663,1.461407,0.173832,34.44756,291.2791,356.4126,0,0,0,0,0,0,-1.363332,0.947367,0.427254,19.97778,287.5474,359.1657,0,False,False
183.1385,-1.026756,1.461945,0.175232,34.44291,291.1826,356.112,0,0,0,0,0,0,-1.36727,0.942204,0.428966,20.87703,287.9203,359.0284,0,False,False
183.1496,-1.031816,1.46241,0.17662,34.44325,291.1023,355.8793,0,0,0,0,0,0,-1.371432,0.937053,0.430591,21.75246,288.1871,358.9351,0,False,False
183.1607,-1.036885,1.462763,0.178069,34.41545,290.9884,355.6673,0,0,0,0,0,0,-1.375549,0.931915,0.431935,22.62472,288.176,358.6699,0,False,False
183.1719,-1.042001,1.463155,0.179569,34.44646,290.86,355.4688,0,0,0,0,0,0,-1.379507,0.927072,0.433142,23.3769,288.059,358.6241,0,False,False
183.1829,-1.04694,1.463274,0.181129,34.51518,290.7083,355.3347,0,0,0,0,0,0,-1.383388,0.922712,0.434294,23.9897,288.0306,359.0215,0,False,False
183.194,-1.052041,1.463296,0.182589,34.62728,290.5582,355.2174,0,0,0,0,0,0,-1.387524,0.918455,0.435468,24.54382,288.0847,359.5235,0,False,False
183.2052,-1.056998,1.463115,0.18421,34.77653,290.4036,355.1148,0,0,0,0,0,0,-1.391291,0.914395,0.43693,25.04151,288.1839,359.8772,0,False,False
183.2162,-1.06185,1.462769,0.18584,34.92719,290.244,354.9856,0,0,0,0,0,0,-1.39498,0.910577,0.438471,25.52763,288.3049,0.107227,0,False,False
183.2275,-1.06663,1.462301,0.187524,35.10284,290.0697,354.8675,0,0,0,0,0,0,-1.398835,0.906592,0.440115,26.0385,288.4366,0.327668,0,False,False
183.2386,-1.071427,1.461692,0.189308,35.30987,289.8881,354.7568,0,0,0,0,0,0,-1.402467,0.902596,0.441922,26.52535,288.6171,0.594262,0,False,False
183.2497,-1.076112,1.461089,0.191075,35.53658,289.6884,354.6711,0,0,0,0,0,0,-1.40604,0.898572,0.443709,27.04353,288.8141,0.871348,0,False,False
183.2607,-1.080706,1.460345,0.192975,35.79103,289.4461,354.6336,0,0,0,0,0,0,-1.40936,0.894867,0.44568,27.51532,289.0968,1.116479,0,False,False
183.2718,-1.085234,1.459689,0.194904,36.05258,289.2006,354.6049,0,0,0,0,0,0,-1.412445,0.891528,0.447653,27.95425,289.4189,1.403286,0,False,False
183.2829,-1.089786,1.459096,0.196987,36.34057,288.9351,354.5855,0,0,0,0,0,0,-1.415663,0.888324,0.44936,28.29759,289.7014,1.868982,0,False,False
183.294,-1.094369,1.458635,0.198999,36.61582,288.6815,354.5753,0,0,0,0,0,0,-1.418627,0.885387,0.451143,28.51438,289.94,2.428902,0,False,False
183.3052,-1.09897,1.458241,0.201,36.88051,288.4103,354.557,0,0,0,0,0,0,-1.421648,0.882509,0.452778,28.70238,290.1501,2.931156,0,False,False
183.3163,-1.103453,1.457999,0.20305,37.12805,288.166,354.526,0,0,0,0,0,0,-1.424273,0.880441,0.454279,28.72273,290.3311,3.291788,0,False,False
183.3274,-1.107957,1.457889,0.205084,37.34682,287.8947,354.4673,0,0,0,0,0,0,-1.426932,0.878081,0.455855,28.85966,290.5786,3.699935,0,False,False
183.3384,-1.112375,1.457924,0.207061,37.54859,287.6333,354.361,0,0,0,0,0,0,-1.429369,0.876144,0.457197,28.98906,290.8654,4.307118,0,False,False
183.3495,-1.116666,1.458085,0.209045,37.67535,287.3682,354.2243,0,0,0,0,0,0,-1.431256,0.874404,0.45848,29.11584,291.1037,5.075635,0,False,False
183.3606,-1.120865,1.458216,0.210913,37.69513,287.1495,354.0889,0,0,0,0,0,0,-1.433389,0.872582,0.459569,29.20641,291.2894,5.89324,0,False,False
183.3718,-1.125082,1.45822,0.21283,37.68335,286.9208,353.9492,0,0,0,0,0,0,-1.43517,0.871302,0.460275,29.19188,291.3643,6.868059,0,False,False
183.3828,-1.12903,1.45823,0.214583,37.65037,286.7582,353.7356,0,0,0,0,0,0,-1.437071,0.870206,0.460878,29.12839,291.3329,7.589024,0,False,False
183.3942,-1.133147,1.458223,0.216168,37.65033,286.5999,353.5335,0,0,0,0,0,0,-1.438936,0.869094,0.461489,29.04499,291.3178,8.02459,0,False,False
183.4051,-1.136884,1.45813,0.217716,37.65778,286.4366,353.318,0,0,0,0,0,0,-1.440769,0.868104,0.462012,28.95809,291.2683,8.031575,0,False,False
183.4164,-1.140657,1.458097,0.219168,37.71688,286.3159,353.1748,0,0,0,0,0,0,-1.442155,0.867123,0.462687,28.95319,291.2549,7.674058,0,False,False
183.4274,-1.144109,1.457983,0.220565,37.82817,286.1758,353.0027,0,0,0,0,0,0,-1.443306,0.866313,0.463424,28.96094,291.2826,6.901709,0,False,False
183.4385,-1.147501,1.457938,0.221899,38.00364,286.0405,352.9962,0,0,0,0,0,0,-1.444239,0.865493,0.463997,29.00767,291.3149,6.156736,0,False,False
183.4496,-1.15063,1.457765,0.223104,38.19982,285.9084,353.0205,0,0,0,0,0,0,-1.445045,0.864654,0.464497,29.08853,291.2711,5.582525,0,False,False
183.4606,-1.153645,1.457627,0.224269,38.42759,285.7597,353.0847,0,0,0,0,0,0,-1.445739,0.863707,0.464692,29.30566,291.2268,5.062359,0,False,False
183.4718,-1.156591,1.457422,0.225516,38.61329,285.6419,353.1163,0,0,0,0,0,0,-1.445814,0.862509,0.465075,29.63556,291.1742,4.722875,0,False,False
183.4828,-1.15934,1.457128,0.226544,38.78447,285.5562,353.1692,0,0,0,0,0,0,-1.445917,0.861227,0.465286,30.03606,291.1041,4.692038,0,False,False
183.494,-1.162097,1.456807,0.22748,38.96935,285.4965,353.1651,0,0,0,0,0,0,-1.44598,0.859789,0.465355,30.41365,290.975,4.784324,0,False,False
183.505,-1.164486,1.456418,0.22832,39.15377,285.5042,353.1493,0,0,0,0,0,0,-1.446307,0.858582,0.465442,30.71785,290.8311,4.803251,0,False,False
183.5161,-1.16684,1.455914,0.229085,39.35978,285.5514,353.1639,0,0,0,0,0,0,-1.446325,0.857285,0.465523,30.97833,290.6019,4.883818,0,False,False
183.5273,-1.169073,1.45538,0.229927,39.56172,285.5954,353.1867,0,0,0,0,0,0,-1.446518,0.856039,0.465514,31.15968,290.3407,4.883823,0,False,False
183.5384,-1.171095,1.454871,0.230664,39.78526,285.6471,353.2445,0,0,0,0,0,0,-1.446938,0.854904,0.465429,31.28331,290.0654,4.803385,0,False,False
183.5495,-1.173023,1.454337,0.23143,39.98645,285.6964,353.3464,0,0,0,0,0,0,-1.447209,0.853724,0.46549,31.42288,289.8222,4.685211,0,False,False
183.5606,-1.174837,1.453958,0.232172,40.17207,285.7513,353.4813,0,0,0,0,0,0,-1.447465,0.852693,0.465759,31.53051,289.6435,4.463371,0,False,False
183.5718,-1.176657,1.453624,0.232968,40.34032,285.7926,353.6133,0,0,0,0,0,0,-1.447685,0.851655,0.46623,31.66641,289.597,4.328285,0,False,False
183.5828,-1.178355,1.453316,0.23357,40.46341,285.864,353.7264,0,0,0,0,0,0,-1.447688,0.850547,0.46679,31.79606,289.5981,4.256071,0,False,False
183.5939,-1.180001,1.453028,0.234221,40.57018,285.9318,353.8146,0,0,0,0,0,0,-1.447801,0.849394,0.467241,31.98352,289.613,4.312957,0,False,False
183.605,-1.181525,1.452775,0.234786,40.63546,286.0181,353.8496,0,0,0,0,0,0,-1.447833,0.84825,0.467801,32.15807,289.6322,4.420216,0,False,False
183.6162,-1.182968,1.45249,0.235314,40.70898,286.1107,353.8681,0,0,0,0,0,0,-1.447869,0.847331,0.468421,32.24815,289.7078,4.606788,0,False,False
183.6273,-1.184274,1.452251,0.235762,40.77428,286.2087,353.8795,0,0,0,0,0,0,-1.448012,0.846497,0.469076,32.31295,289.7771,4.716755,0,False,False
183.6383,-1.185491,1.452056,0.236217,40.84757,286.2899,353.8711,0,0,0,0,0,0,-1.4482,0.845756,0.469822,32.31591,289.9274,4.840962,0,False,False
183.6494,-1.186584,1.451922,0.23656,40.91155,286.3652,353.8992,0,0,0,0,0,0,-1.448381,0.844991,0.470718,32.32805,290.0601,4.891662,0,False,False
183.6606,-1.18764,1.451782,0.23693,40.97324,286.4428,353.9648,0,0,0,0,0,0,-1.448642,0.844407,0.471525,32.24203,290.245,4.947967,0,False,False
183.6718,-1.188684,1.451685,0.237249,41.02597,286.4925,354.0457,0,0,0,0,0,0,-1.448883,0.84411,0.472241,32.14245,290.3717,5.006782,0,False,False
183.6827,-1.189608,1.451568,0.237573,41.05971,286.517,354.1311,0,0,0,0,0,0,-1.449217,0.843743,0.472704,32.03674,290.4274,5.172733,0,False,False
183.6939,-1.1905,1.451429,0.237863,41.08548,286.5424,354.2343,0,0,0,0,0,0,-1.449499,0.843227,0.47302,32.06521,290.4218,5.500863,0,False,False
183.705,-1.19127,1.451289,0.238161,41.08266,286.5339,354.3136,0,0,0,0,0,0,-1.449751,0.842503,0.47333,32.17228,290.4396,5.723375,0,False,False
183.7162,-1.192021,1.45119,0.238399,41.08754,286.5213,354.3621,0,0,0,0,0,0,-1.449809,0.841719,0.473629,32.35946,290.4816,5.921701,0,False,False
183.7272,-1.192636,1.451113,0.238584,41.07668,286.4831,354.3731,0,0,0,0,0,0,-1.449916,0.840972,0.473822,32.52367,290.5681,6.031183,0,False,False
183.7383,-1.193312,1.451035,0.238758,41.07549,286.4457,354.372,0,0,0,0,0,0,-1.449992,0.840346,0.473851,32.64819,290.6203,6.069705,0,False,False
183.7493,-1.193836,1.450927,0.238896,41.07307,286.395,354.3595,0,0,0,0,0,0,-1.450094,0.839925,0.473764,32.74595,290.5941,6.093022,0.141177,False,False
183.7604,-1.19427,1.450809,0.239051,41.08269,286.3203,354.3185,0,0,0,0,0,0,-1.450323,0.839719,0.473478,32.77929,290.4919,6.020788,0.258824,False,True
183.7717,-1.194667,1.450669,0.239162,41.07568,286.2646,354.2946,0,0,0,0,0,0,-1.450861,0.83967,0.473169,32.64747,290.4639,5.925887,1,False,True
183.7827,-1.194935,1.450588,0.239267,41.09776,286.2108,354.2588,0,0,0,0,0,0,-1.451012,0.840534,0.473064,32.34061,290.6326,5.669511,1,False,True
183.7938,-1.195204,1.45045,0.239337,41.11093,286.1581,354.2377,0,0,0,0,0,0,-1.451464,0.841058,0.473033,32.12434,290.6655,5.697392,1,False,True
183.8049,-1.195297,1.450333,0.239511,41.13391,286.1045,354.1936,0,0,0,0,0,0,-1.451792,0.841372,0.472916,32.02082,290.628,5.511595,1,False,True
183.8161,-1.195403,1.450185,0.239628,41.14619,286.0636,354.1691,0,0,0,0,0,0,-1.452289,0.841625,0.472971,31.92435,290.645,5.43354,1,False,True
183.8272,-1.19546,1.450122,0.239665,41.16422,286.0202,354.155,0,0,0,0,0,0,-1.452456,0.841965,0.472872,31.87384,290.6647,5.373536,1,False,True
183.8383,-1.195386,1.450046,0.239659,41.18203,285.9775,354.1354,0,0,0,0,0,0,-1.452884,0.842252,0.472838,31.82592,290.6795,5.232342,1,False,True
183.8494,-1.195274,1.450007,0.239725,41.21768,285.9449,354.1311,0,0,0,0,0,0,-1.453007,0.84261,0.472823,31.8339,290.709,4.896954,1,False,True
183.8605,-1.195085,1.450051,0.239747,41.26722,285.9092,354.1257,0,0,0,0,0,0,-1.453275,0.842879,0.472708,31.84536,290.7128,4.591261,1,False,True
183.8717,-1.194815,1.450037,0.239706,41.303,285.9069,354.1597,0,0,0,0,0,0,-1.453419,0.843103,0.472612,31.91412,290.6762,4.198438,1,False,True
183.8827,-1.194559,1.450007,0.239704,41.32703,285.8863,354.1558,0,0,0,0,0,0,-1.453678,0.843183,0.472614,31.92115,290.66,3.81639,1,False,True
183.8939,-1.194243,1.450105,0.239748,41.33526,285.866,354.165,0,0,0,0,0,0,-1.45374,0.843365,0.472829,31.89488,290.6878,3.424837,1,False,True
183.9048,-1.193939,1.450162,0.239844,41.32015,285.8804,354.1907,0,0,0,0,0,0,-1.453827,0.843744,0.472927,31.82877,290.741,3.131697,0.984314,False,True
183.9161,-1.193602,1.450298,0.239964,41.29157,285.895,354.215,0,0,0,0,0,0,-1.453799,0.844553,0.472977,31.69507,290.7838,2.881943,0.490196,False,True
183.9273,-1.193253,1.450381,0.240112,41.24629,285.9311,354.2326,0,0,0,0,0,0,-1.453923,0.844907,0.473076,31.52345,290.7212,3.000222,0.094118,False,False
183.9381,-1.19286,1.450499,0.240266,41.21473,285.9772,354.2321,0,0,0,0,0,0,-1.45391,0.845478,0.473035,31.33073,290.6978,3.00566,0,False,False
183.9493,-1.192437,1.450634,0.240436,41.17791,286.0605,354.2238,0,0,0,0,0,0,-1.453741,0.846067,0.473573,31.14773,290.843,2.763464,0,False,False
183.9604,-1.191967,1.450706,0.240658,41.12528,286.1333,354.2162,0,0,0,0,0,0,-1.453288,0.846518,0.474135,31.0698,291.1421,2.830375,0,False,False
183.9715,-1.191489,1.450829,0.240891,41.08575,286.2028,354.2018,0,0,0,0,0,0,-1.453091,0.846749,0.474564,31.05504,291.2237,2.977044,0,False,False
183.9826,-1.191025,1.45088,0.24119,41.05556,286.2676,354.1827,0,0,0,0,0,0,-1.452782,0.847055,0.474337,31.0492,290.9989,3.078136,0,False,False
183.9938,-1.190466,1.450882,0.241418,41.03504,286.3376,354.141,0,0,0,0,0,0,-1.452736,0.847342,0.47399,31.03187,290.7288,3.06323,0,False,False
184.0049,-1.189892,1.450886,0.241657,41.01485,286.4023,354.1188,0,0,0,0,0,0,-1.452561,0.847582,0.473666,31.0265,290.3696,2.811247,0,False,False
184.016,-1.189219,1.450913,0.241871,41.03264,286.4489,354.0748,0,0,0,0,0,0,-1.452467,0.847898,0.473475,31.00952,290.1621,2.413355,0,False,False
184.027,-1.188588,1.450917,0.242043,41.05709,286.5287,354.0437,0,0,0,0,0,0,-1.452234,0.848284,0.473474,31.00803,290.125,1.885119,0,False,False
184.0381,-1.187926,1.450929,0.242178,41.0665,286.5821,353.9922,0,0,0,0,0,0,-1.451999,0.848664,0.47363,30.97957,290.1279,1.484648,0,False,False
184.0495,-1.187244,1.450976,0.242292,41.07351,286.6198,353.9447,0,0,0,0,0,0,-1.451642,0.849228,0.473896,30.88608,290.2287,1.294521,0,False,False
184.0604,-1.186537,1.451059,0.24245,41.07637,286.6583,353.9128,0,0,0,0,0,0,-1.451348,0.849944,0.474307,30.68773,290.3939,1.303404,0,False,False
184.0719,-1.185777,1.451137,0.242461,41.07491,286.6567,353.8613,0,0,0,0,0,0,-1.451116,0.850755,0.474829,30.40648,290.5459,1.41217,0,False,False
184.0828,-1.184898,1.451226,0.242577,41.07993,286.6405,353.8571,0,0,0,0,0,0,-1.450913,0.851859,0.475313,30.06071,290.666,1.669832,0,False,False
184.0937,-1.184101,1.45132,0.242572,41.07478,286.6063,353.8465,0,0,0,0,0,0,-1.450671,0.853028,0.475779,29.72212,290.8062,1.772647,0,False,False
184.1049,-1.183332,1.451421,0.242513,41.05359,286.5847,353.86,0,0,0,0,0,0,-1.450332,0.854599,0.476376,29.2737,291.027,1.727279,0,False,False
184.116,-1.182516,1.451544,0.242416,41.00355,286.5321,353.8758,0,0,0,0,0,0,-1.450094,0.856556,0.477035,28.68841,291.263,1.629186,0,False,False
184.1271,-1.18164,1.451705,0.242261,40.90937,286.4613,353.8623,0,0,0,0,0,0,-1.450058,0.859011,0.477535,27.90401,291.4298,1.541255,0,False,False
184.1382,-1.180662,1.451909,0.242108,40.83591,286.3854,353.8316,0,0,0,0,0,0,-1.450153,0.861713,0.477939,27.01984,291.5238,1.429321,0,False,False
184.1492,-1.179567,1.452129,0.241851,40.76593,286.2951,353.787,0,0,0,0,0,0,-1.450351,0.865352,0.477848,25.65037,291.4358,1.232864,0,False,False
184.1605,-1.178349,1.452306,0.241537,40.74527,286.1686,353.7236,0,0,0,0,0,0,-1.45095,0.870525,0.477346,23.64652,291.0088,1.148869,0,False,False
184.1715,-1.177025,1.45243,0.241053,40.7192,286.0765,353.689,0,0,0,0,0,0,-1.451298,0.875286,0.476934,21.85861,290.698,1.153809,0,False,False
184.1826,-1.175585,1.452602,0.240598,40.69187,285.9749,353.6439,0,0,0,0,0,0,-1.451279,0.880875,0.47632,19.73555,290.381,1.253103,0,False,False
184.1937,-1.174093,1.452809,0.240158,40.63778,285.8936,353.6053,0,0,0,0,0,0,-1.451198,0.886883,0.475724,17.53619,290.113,1.404224,0,False,False
184.2048,-1.172643,1.453058,0.23962,40.57364,285.8326,353.5694,0,0,0,0,0,0,-1.450619,0.894249,0.475,14.86684,289.9245,1.836377,0,False,False
184.216,-1.171116,1.453287,0.23904,40.50202,285.7754,353.5156,0,0,0,0,0,0,-1.449489,0.902317,0.474338,11.86512,289.8175,2.560269,0,False,False
184.227,-1.169548,1.453581,0.238308,40.45144,285.76,353.4694,0,0,0,0,0,0,-1.447714,0.911212,0.473454,8.555236,289.7872,3.471414,0,False,False
184.238,-1.167993,1.453825,0.237508,40.36655,285.7418,353.4183,0,0,0,0,0,0,-1.445351,0.920732,0.472421,5.023653,289.803,4.585259,0,False,False
184.2493,-1.166313,1.454099,0.236653,40.28152,285.7729,353.3911,0,0,0,0,0,0,-1.442434,0.930277,0.471288,1.420019,289.7713,5.754236,0,False,False
184.2604,-1.164472,1.454354,0.235695,40.19896,285.8089,353.3732,0,0,0,0,0,0,-1.437563,0.940688,0.469432,357.3781,289.8328,7.371063,0,False,False
184.2715,-1.162704,1.454585,0.234713,40.12425,285.8314,353.3661,0,0,0,0,0,0,-1.431924,0.951058,0.467223,353.2299,289.8736,9.561328,0,False,False
184.2824,-1.160787,1.454738,0.233648,40.04673,285.8751,353.4068,0,0,0,0,0,0,-1.425963,0.960647,0.464777,349.3176,289.6983,11.7033,0,False,False
184.2936,-1.158845,1.454886,0.232535,39.99801,285.9205,353.4543,0,0,0,0,0,0,-1.418716,0.970061,0.46161,345.2564,289.3527,14.36357,0,False,False
184.3047,-1.156749,1.454961,0.231354,39.98489,285.9573,353.4714,0,0,0,0,0,0,-1.410564,0.977901,0.457842,341.7417,288.9532,16.62395,0,False,False
184.3156,-1.154683,1.455035,0.230037,39.99192,286.0134,353.5114,0,0,0,0,0,0,-1.402011,0.984535,0.454203,338.7859,288.6205,18.46798,0,False,False
184.3267,-1.152405,1.455024,0.228698,40.00602,286.0791,353.5742,0,0,0,0,0,0,-1.393104,0.989972,0.449607,336.2535,288.3259,19.90811,0,False,False
184.3379,-1.150085,1.454982,0.227284,40.04053,286.1499,353.6258,0,0,0,0,0,0,-1.384051,0.993869,0.445586,334.1895,288.0682,20.97577,0,False,False
184.349,-1.147763,1.454862,0.225843,40.08887,286.2283,353.6827,0,0,0,0,0,0,-1.375074,0.997307,0.441015,332.2625,287.7162,22.07215,0,False,False
184.3602,-1.145356,1.454714,0.224253,40.11616,286.3203,353.7293,0,0,0,0,0,0,-1.366133,0.998536,0.436583,331.2249,287.4695,22.60124,0,False,False
184.3713,-1.143021,1.454592,0.22267,40.13739,286.4347,353.7766,0,0,0,0,0,0,-1.357545,0.998245,0.43241,330.761,287.2874,22.64732,0,False,False
184.3823,-1.140603,1.454344,0.221049,40.14437,286.5673,353.8181,0,0,0,0,0,0,-1.349149,0.996774,0.427996,330.6834,287.153,22.46492,0,False,False
184.3934,-1.13824,1.454031,0.219426,40.12128,286.7057,353.8534,0,0,0,0,0,0,-1.340323,0.995341,0.423546,330.5261,286.9747,22.45367,0,False,False
184.4045,-1.135904,1.453611,0.217689,40.08549,286.8801,353.8826,0,0,0,0,0,0,-1.332182,0.991412,0.41897,331.3704,286.8948,22.03982,0,False,False
184.4157,-1.133553,1.453069,0.215906,40.06147,287.0788,353.8983,0,0,0,0,0,0,-1.323941,0.986253,0.414179,332.63,286.7765,21.63402,0,False,False
184.4268,-1.131148,1.452445,0.214067,40.05406,287.2908,353.9169,0,0,0,0,0,0,-1.315903,0.979804,0.40913,334.195,286.5688,21.17019,0,False,False
184.438,-1.128721,1.451688,0.212159,40.08048,287.5158,353.908,0,0,0,0,0,0,-1.307743,0.973612,0.404051,335.6853,286.3116,20.81518,0,False,False
184.449,-1.126271,1.450872,0.210236,40.13224,287.7909,353.9337,0,0,0,0,0,0,-1.299882,0.964813,0.398489,337.9362,285.9537,20.42159,0,False,False
184.4601,-1.123817,1.44999,0.208255,40.20819,288.076,353.9505,0,0,0,0,0,0,-1.291929,0.955006,0.392826,340.5724,285.5148,20.01879,0,False,False
184.4713,-1.121291,1.449133,0.206258,40.29193,288.3685,353.9791,0,0,0,0,0,0,-1.283626,0.94499,0.386833,343.2297,285.0806,19.45299,0,False,False
184.4822,-1.118791,1.448257,0.204286,40.41276,288.6997,354.0475,0,0,0,0,0,0,-1.275134,0.931972,0.380583,347.0685,284.5686,18.00724,0,False,False
184.4935,-1.11619,1.447379,0.202374,40.53944,289.0264,354.1479,0,0,0,0,0,0,-1.265903,0.920083,0.374249,350.5403,284.1202,16.38508,0,False,False
184.5044,-1.11358,1.446595,0.200459,40.6918,289.4278,354.3409,0,0,0,0,0,0,-1.256106,0.906811,0.368142,354.8105,283.6703,13.75621,0,False,False
184.5158,-1.110889,1.445798,0.198543,40.83701,289.8358,354.5909,0,0,0,0,0,0,-1.245082,0.893269,0.361827,359.3795,283.0728,10.06222,0,False,False
184.5268,-1.108081,1.445085,0.196692,40.97899,290.2599,354.8434,0,0,0,0,0,0,-1.233709,0.880373,0.355275,3.484967,282.1573,5.844508,0,False,False
184.5378,-1.105167,1.444458,0.194834,41.11638,290.7205,355.1791,0,0,0,0,0,0,-1.222609,0.867353,0.349424,6.775752,281.2121,1.210337,0,False,False
184.549,-1.102231,1.44392,0.19301,41.24141,291.1722,355.5084,0,0,0,0,0,0,-1.210574,0.856023,0.34301,9.344122,280.4649,357.9767,0,False,False
184.56,-1.099075,1.443508,0.19122,41.34091,291.6582,355.8809,0,0,0,0,0,0,-1.197389,0.847415,0.338633,10.17273,280.9688,357.6861,0,False,False
184.5711,-1.095861,1.443265,0.189492,41.39207,292.1599,356.2887,0,0,0,0,0,0,-1.184449,0.838443,0.333532,11.55524,280.8954,357.3254,0,False,False
184.5822,-1.092601,1.443079,0.187806,41.39262,292.6298,356.6758,0,0,0,0,0,0,-1.171355,0.831171,0.329104,11.99654,280.9003,358.573,0,False,False
184.5934,-1.089085,1.443035,0.186207,41.33973,293.1096,357.0759,0,0,0,0,0,0,-1.158529,0.825708,0.324733,11.89167,280.5755,1.19877,0,False,False
184.6045,-1.085592,1.443043,0.18466,41.26098,293.5689,357.46,0,0,0,0,0,0,-1.145725,0.818547,0.319877,12.72107,280.109,1.987112,0,False,False
184.6156,-1.081904,1.443122,0.183115,41.11656,293.9724,357.807,0,0,0,0,0,0,-1.133936,0.813764,0.315955,12.80179,278.8496,3.975466,0,False,False
184.6266,-1.078112,1.443205,0.181624,40.97447,294.3719,358.1336,0,0,0,0,0,0,-1.122204,0.807713,0.311182,13.50844,277.4187,4.720332,0,False,False
184.6378,-1.074101,1.443411,0.180177,40.82544,294.7314,358.4373,0,0,0,0,0,0,-1.112164,0.802626,0.306838,14.54573,274.8435,4.930375,0,False,False
184.6489,-1.069978,1.44358,0.178691,40.65947,295.0622,358.7335,0,0,0,0,0,0,-1.102018,0.797248,0.302129,15.82713,271.8411,4.655557,0,False,False
184.66,-1.065503,1.443822,0.177243,40.5406,295.3687,359.044,0,0,0,0,0,0,-1.092053,0.792184,0.298016,16.95867,268.9712,4.644052,0,False,False
184.6711,-1.060732,1.444142,0.175775,40.47444,295.6354,359.356,0,0,0,0,0,0,-1.082867,0.787682,0.294295,17.81121,265.7516,5.447018,0,False,False
184.6822,-1.055828,1.444408,0.174231,40.4557,295.9141,359.6754,0,0,0,0,0,0,-1.072707,0.783344,0.291127,18.62527,263.0319,6.50731,0,False,False
184.6933,-1.0504,1.444721,0.172645,40.46437,296.1424,359.989,0,0,0,0,0,0,-1.0629,0.779411,0.288938,19.08278,260.4402,8.478606,0,False,False
184.7043,-1.04477,1.445049,0.171098,40.48255,296.3427,0.266876,0,0,0,0,0,0,-1.053011,0.775841,0.287101,19.55548,258.1693,10.39478,0,False,False
184.7154,-1.038856,1.445289,0.169472,40.49001,296.4999,0.512801,0,0,0,0,0,0,-1.04347,0.772415,0.287265,19.79599,256.5791,13.61836,0,False,False
184.7266,-1.032922,1.445573,0.167943,40.45057,296.6498,0.750712,0,0,0,0,0,0,-1.033288,0.768607,0.287071,20.36276,254.8953,15.98731,0,False,False
184.7378,-1.026722,1.445858,0.166384,40.35829,296.751,0.952861,0,0,0,0,0,0,-1.023563,0.764461,0.288001,21.02834,253.7059,18.33463,0,False,False
184.7488,-1.02059,1.446194,0.164792,40.22985,296.851,1.139175,0,0,0,0,0,0,-1.014013,0.760094,0.289804,21.91012,252.9446,20.24849,0,False,False
184.7599,-1.014117,1.446558,0.163271,40.05284,296.8852,1.267704,0,0,0,0,0,0,-1.004908,0.755806,0.292232,22.80943,252.593,22.01678,0,False,False
184.7712,-1.007628,1.446885,0.161687,39.87322,296.9022,1.391323,0,0,0,0,0,0,-0.995455,0.751276,0.295351,23.46734,252.8821,23.80196,0,False,False
