experiment,ppid,session_num,trial_num,block_num,trial_num_in_block,start_time,end_time,trial_no,scene,target,response_mode,shift_x,shift_y,shift_z,view_rotation,preview_label,t_starting_pos,standing_y_rotation,target_label,target_pos_x,target_pos_y,target_pos_z,target_euler_x,target_euler_y,target_euler_z,target_bbox_center_x,target_bbox_center_y,target_bbox_center_z,target_bbox_size_x,target_bbox_size_y,target_bbox_size_z,t_scene_preview_start,t_scene_preview_end,t_response_start,t_response_end,response_pos_x_pivot,response_pos_y_pivot,response_pos_z_pivot,response_euler_x,response_euler_y,response_euler_z,tar_error_pos,tar_error_pos_x,tar_error_pos_y,tar_error_pos_z,response_bbox_center_x,response_bbox_center_y,response_bbox_center_z,tar_error_bbox,tar_error_bbox_x,tar_error_bbox_y,tar_error_bbox_z,tar_error_angle,tar_error_euler_x,tar_error_euler_y,tar_error_euler_z,standing_pos_x,standing_pos_y,standing_pos_z,VR_move_location_0,Eye_gaze_location_0
Pilot_Kitchen_cube,10,2,1,1,1,20.75461,64.93478,8,K01,K01_L13,cube,0,0,0,0,Cutting Board,43.7655,5.412032,cuttingboard,-1.437559,0.891825,1.196799,272.964,60.09008,300.075,-1.436887,0.906805,1.197186,0.245887,0.05029,0.364747,45.26009,49.60759,51.61797,63.91295,-1.428559,0.8706,1.203163,18.36336,351.5862,357.5427,0.023916,0.009,-0.021225,0.006364,-1.428741,0.91801,1.219045,0.025879,0.008146,0.011206,0.021859,107.4252,-254.6006,291.4962,57.46762,-0.272708,1.580826,0.126654,Pilot_Kitchen_cube/10/S002/trackers/VR_move_T001.csv,Pilot_Kitchen_cube/10/S002/trackers/Eye_gaze_T001.csv
Pilot_Kitchen_cube,10,2,2,1,2,65.94524,79.25097,5,K01,K01_L04,cube,0,0,0,0,Breadbasket,69.42168,2.916779,bunsinbasket,-1.087051,0.883797,1.18928,0.60304,67.68452,1.555164,-1.088983,0.950319,1.190754,0.301863,0.325402,0.296634,69.93255,71.36544,73.37572,78.23051,-1.032656,0.871444,1.189525,14.43035,347.5933,3.103592,0.05578,0.054395,-0.012353,0.000246,-1.037973,0.919795,1.201095,0.060338,0.05101,-0.030524,0.010341,81.29009,13.82731,279.9088,1.548427,-0.535641,1.575886,0.489715,Pilot_Kitchen_cube/10/S002/trackers/VR_move_T002.csv,Pilot_Kitchen_cube/10/S002/trackers/Eye_gaze_T002.csv
Pilot_Kitchen_cube,10,2,3,1,3,80.26176,97.25475,6,K01,K01_L07,cube,0,0,0,270,Espresso Machine,83.10498,279.5091,coffeemaker,-1.82445,0.880285,-0.854397,358.1284,90.56697,358.8811,-1.764189,1.051043,-0.853803,0.345148,0.352667,0.277094,83.61594,85.95947,87.96976,96.23303,-1.758414,0.893008,-0.835303,356.4583,3.073581,33.95521,0.069909,0.066036,0.012723,0.019095,-1.786438,0.934402,-0.836364,0.120017,-0.022249,-0.11664,0.017439,91.37135,-1.670074,-87.49339,-324.9259,-1.08886,1.593094,-0.588772,Pilot_Kitchen_cube/10/S002/trackers/VR_move_T003.csv,Pilot_Kitchen_cube/10/S002/trackers/Eye_gaze_T003.csv
Pilot_Kitchen_cube,10,2,4,1,4,98.26555,112.2487,7,K01,K01_L15,cube,0,0,0,270,Water Bottle,101.8529,271.0381,waterbottle,-1.392051,0.883097,-1.231805,0.516519,199.2043,358.5333,-1.400844,0.984469,-1.230697,0.092938,0.203459,0.086649,102.3639,103.5746,105.5848,111.227,-1.412725,0.872772,-1.201302,353.2684,347.758,17.70878,0.038268,-0.020674,-0.010325,0.030503,-1.426404,0.920075,-1.209983,0.072312,-0.02556,-0.064394,0.020714,150.0997,352.7519,148.5537,-340.8245,-0.875192,1.591849,-0.734249,Pilot_Kitchen_cube/10/S002/trackers/VR_move_T004.csv,Pilot_Kitchen_cube/10/S002/trackers/Eye_gaze_T004.csv
Pilot_Kitchen_cube,10,2,5,1,5,113.2596,124.9658,9,K01,K01_L12,cube,0,0,0,0,Banana,115.6479,5.960366,banana,0.050392,0.908097,1.171279,276.2014,165.8417,147.4809,0.03991,0.907322,1.177484,0.224758,0.057988,0.228644,116.1582,117.0913,119.1016,123.944,0.074358,0.860067,1.185389,23.79166,1.992177,1.389923,0.055501,0.023966,-0.04803,0.01411,0.073847,0.905805,1.205584,0.044087,0.033937,-0.001517,0.0281,126.5923,-252.4098,-163.8496,-146.091,0.027181,1.578026,0.571185,Pilot_Kitchen_cube/10/S002/trackers/VR_move_T005.csv,Pilot_Kitchen_cube/10/S002/trackers/Eye_gaze_T005.csv
Pilot_Kitchen_cube,10,2,6,1,6,125.9765,139.4154,7,K01,K01_L15,cube,0,0,0,270,Water Bottle,128.6532,274.3037,waterbottle,-1.392051,0.883097,-1.231805,0.516519,199.2043,358.5333,-1.400844,0.984469,-1.230697,0.092938,0.203459,0.086649,129.164,131.4965,133.5069,138.3938,-1.37797,0.867498,-1.212133,356.8472,349.6771,24.07734,0.028785,0.014081,-0.015599,0.019672,-1.397588,0.913079,-1.218258,0.072539,0.003256,-0.07139,0.012439,151.8158,356.3307,150.4728,-334.4559,-1.007707,1.57469,-0.951736,Pilot_Kitchen_cube/10/S002/trackers/VR_move_T006.csv,Pilot_Kitchen_cube/10/S002/trackers/Eye_gaze_T006.csv
Pilot_Kitchen_cube,10,2,7,1,7,140.4262,154.9093,7,K01,K01_L15,cube,0,0,0,270,Water Bottle,145.0354,272.2742,waterbottle,-1.392051,0.883097,-1.231805,0.516519,199.2043,358.5333,-1.400844,0.984469,-1.230697,0.092938,0.203459,0.086649,145.5463,146.8792,148.8895,153.8875,-1.409907,0.874335,-1.230873,353.3076,329.9377,24.5509,0.019912,-0.017856,-0.008762,0.000932,-1.425232,0.919505,-1.245867,0.07103,-0.024388,-0.064964,-0.01517,133.5571,352.7911,130.7334,-333.9824,-1.002797,1.584614,-0.911466,Pilot_Kitchen_cube/10/S002/trackers/VR_move_T007.csv,Pilot_Kitchen_cube/10/S002/trackers/Eye_gaze_T007.csv
Pilot_Kitchen_cube,10,2,8,1,8,155.92,171.4581,1,K01,K01_L05,cube,0,0,0,180,Plant,160.2404,185.5127,plant,0.740949,0.010997,-1.475805,357.0071,116.5166,356.3118,0.689599,0.494938,-1.514348,1.09479,0.991716,0.990528,160.7513,162.0952,164.1058,170.4362,0.718877,-0.019277,-1.486337,313.74,348.9312,342.5792,0.038918,-0.022072,-0.030274,-0.010533,0.740185,0.013707,-1.517289,0.483891,0.050587,-0.481231,-0.002941,137.4466,-43.26712,232.4146,-13.73267,0.773248,1.325986,-1.337973,Pilot_Kitchen_cube/10/S002/trackers/VR_move_T008.csv,Pilot_Kitchen_cube/10/S002/trackers/Eye_gaze_T008.csv
Pilot_Kitchen_cube,10,2,9,1,9,172.4687,186.5297,6,K01,K01_L07,cube,0,0,0,270,Espresso Machine,176.2006,268.0722,coffeemaker,-1.82445,0.880285,-0.854397,358.1284,90.56697,358.8811,-1.764189,1.051043,-0.853803,0.345148,0.352667,0.277094,176.7115,178.7219,180.7323,185.508,-1.789077,0.878235,-0.835792,357.8176,356.8614,24.31228,0.04002,0.035373,-0.00205,0.018605,-1.809537,0.923768,-0.838652,0.135959,-0.045348,-0.127275,0.015151,95.43586,-0.310822,266.2944,-334.5688,-0.828136,1.585376,-0.605088,Pilot_Kitchen_cube/10/S002/trackers/VR_move_T009.csv,Pilot_Kitchen_cube/10/S002/trackers/Eye_gaze_T009.csv
Pilot_Kitchen_cube,10,2,10,1,10,187.5404,200.1353,5,K01,K01_L04,cube,0,0,0,0,Breadbasket,191.3611,5.878789,bunsinbasket,-1.087051,0.883797,1.18928,0.60304,67.68452,1.555164,-1.088983,0.950319,1.190754,0.301863,0.325402,0.296634,191.872,193.1049,195.1152,199.1136,-1.105287,0.857322,1.181569,29.15851,337.0169,6.439929,0.03306,-0.018236,-0.026475,-0.007711,-1.119902,0.90071,1.201665,0.059465,-0.030919,-0.049609,0.010911,95.42379,28.55547,269.3324,4.884764,-0.795391,1.581023,0.689788,Pilot_Kitchen_cube/10/S002/trackers/VR_move_T010.csv,Pilot_Kitchen_cube/10/S002/trackers/Eye_gaze_T010.csv
Pilot_Kitchen_cube,10,2,11,1,11,201.1461,215.3181,10,K01,K01_L19,cube,0,0,0,270,Kettle,204.5114,270.1003,electrickettle,-1.815528,0.88442,-1.188014,359.4425,51.20193,359.9249,-1.83694,1.015495,-1.169477,0.279372,0.263917,0.277038,205.0222,208.1432,210.1535,214.2962,-1.77877,0.873724,-1.178382,353.6803,358.4008,21.538,0.039475,0.036757,-0.010696,0.009632,-1.796976,0.91995,-1.184011,0.104582,0.039964,-0.095546,-0.014535,55.81332,-5.762146,307.1989,-338.3869,-1.26914,1.554654,-0.949293,Pilot_Kitchen_cube/10/S002/trackers/VR_move_T011.csv,Pilot_Kitchen_cube/10/S002/trackers/Eye_gaze_T011.csv
Pilot_Kitchen_cube,10,2,12,1,12,216.3287,226.9133,5,K01,K01_L04,cube,0,0,0,0,Breadbasket,218.6612,2.898188,bunsinbasket,-1.087051,0.883797,1.18928,0.60304,67.68452,1.555164,-1.088983,0.950319,1.190754,0.301863,0.325402,0.296634,219.172,220.305,222.3154,225.8915,-1.142169,0.854889,1.207891,18.73347,344.5585,11.8097,0.064962,-0.055117,-0.028908,0.018611,-1.156218,0.901238,1.220318,0.088337,-0.067234,-0.049082,0.029563,86.90131,18.13043,276.874,10.25453,-0.842689,1.57423,0.739557,Pilot_Kitchen_cube/10/S002/trackers/VR_move_T012.csv,Pilot_Kitchen_cube/10/S002/trackers/Eye_gaze_T012.csv
Pilot_Kitchen_cube,10,2,13,1,13,227.924,240.7522,8,K01,K01_L13,cube,0,0,0,0,Cutting Board,230.1564,6.651348,cuttingboard,-1.437559,0.891825,1.196799,272.964,60.09008,300.075,-1.436887,0.906805,1.197186,0.245887,0.05029,0.364747,230.6673,231.6337,233.644,239.7304,-1.434464,0.853466,1.190376,36.18206,342.4982,7.165844,0.039016,0.003096,-0.038359,-0.006423,-1.44922,0.893508,1.216431,0.026444,-0.012333,-0.013297,0.019245,125.5455,-236.7819,282.4081,-292.9092,-0.969126,1.59291,0.783996,Pilot_Kitchen_cube/10/S002/trackers/VR_move_T013.csv,Pilot_Kitchen_cube/10/S002/trackers/Eye_gaze_T013.csv
Pilot_Kitchen_cube,10,2,14,1,14,241.7628,256.0015,1,K01,K01_L05,cube,0,0,0,180,Plant,245.3614,186.6478,plant,0.740949,0.010997,-1.475805,357.0071,116.5166,356.3118,0.689599,0.494938,-1.514348,1.09479,0.991716,0.990528,245.8722,247.8382,249.8497,254.9797,0.746133,-0.018292,-1.482987,312.4938,356.8663,345.8611,0.030599,0.005184,-0.029289,-0.007182,0.760282,0.01446,-1.518017,0.485663,0.070684,-0.480477,-0.003668,129.1062,-44.51334,240.3497,-10.45078,0.78348,0.896813,-1.389558,Pilot_Kitchen_cube/10/S002/trackers/VR_move_T014.csv,Pilot_Kitchen_cube/10/S002/trackers/Eye_gaze_T014.csv
Pilot_Kitchen_cube,10,2,15,1,15,257.0016,270.1958,6,K01,K01_L07,cube,0,0,0,270,Espresso Machine,261.7436,263.8911,coffeemaker,-1.82445,0.880285,-0.854397,358.1284,90.56697,358.8811,-1.764189,1.051043,-0.853803,0.345148,0.352667,0.277094,262.2547,263.2542,265.2646,269.1851,-1.779477,0.871429,-0.862966,351.4386,353.7967,26.32581,0.04663,0.044973,-0.008855,-0.008569,-1.8008,0.915744,-0.871994,0.14134,-0.036611,-0.135299,-0.018191,97.37131,-6.689819,263.2297,-332.5553,-1.155636,1.588814,-0.672994,Pilot_Kitchen_cube/10/S002/trackers/VR_move_T015.csv,Pilot_Kitchen_cube/10/S002/trackers/Eye_gaze_T015.csv
Pilot_Kitchen_cube,10,2,16,1,16,271.2065,284.2679,1,K01,K01_L05,cube,0,0,0,180,Plant,274.9383,182.4804,plant,0.740949,0.010997,-1.475805,357.0071,116.5166,356.3118,0.689599,0.494938,-1.514348,1.09479,0.991716,0.990528,275.4493,276.8487,278.8591,283.2462,0.74231,-0.02343,-1.48751,308.8457,357.2621,337.6227,0.036388,0.001361,-0.034427,-0.011705,0.763044,0.00557,-1.522569,0.494917,0.073445,-0.489368,-0.008221,133.8749,-48.16144,240.7455,-18.68918,0.79887,0.911154,-1.40338,Pilot_Kitchen_cube/10/S002/trackers/VR_move_T016.csv,Pilot_Kitchen_cube/10/S002/trackers/Eye_gaze_T016.csv
Pilot_Kitchen_cube,10,2,17,1,17,285.2786,299.9849,3,K01,K01_L16,cube,0,0,0,90,Flowers,290.6874,93.94376,flowers,1.069949,0.867997,0.834195,0.462501,110.9224,358.712,1.072386,1.089711,0.836063,0.476981,0.447812,0.470179,291.1983,292.7311,294.7414,298.962,1.081617,0.852616,0.80979,7.86878,322.5294,328.0694,0.031119,0.011668,-0.015382,-0.024406,1.099071,0.89465,0.830488,0.196957,0.026685,-0.195061,-0.005575,147.4103,7.40628,211.6071,-30.64261,0.682918,1.530263,0.542756,Pilot_Kitchen_cube/10/S002/trackers/VR_move_T017.csv,Pilot_Kitchen_cube/10/S002/trackers/Eye_gaze_T017.csv
Pilot_Kitchen_cube,10,2,18,1,18,300.9945,314.0002,10,K01,K01_L19,cube,0,0,0,270,Kettle,304.2708,276.7679,electrickettle,-1.815528,0.88442,-1.188014,359.4425,51.20193,359.9249,-1.83694,1.015495,-1.169477,0.279372,0.263917,0.277038,304.7818,306.2812,308.2915,312.9785,-1.755106,0.861538,-1.167955,353.231,342.1079,27.94193,0.067651,0.060421,-0.022882,0.020059,-1.775802,0.905401,-1.180107,0.126379,0.061138,-0.110094,-0.010631,72.43842,-6.211487,290.906,-331.983,-1.212837,1.579811,-0.88914,Pilot_Kitchen_cube/10/S002/trackers/VR_move_T018.csv,Pilot_Kitchen_cube/10/S002/trackers/Eye_gaze_T018.csv
Pilot_Kitchen_cube,10,2,19,1,19,315.011,328.3389,8,K01,K01_L13,cube,0,0,0,0,Cutting Board,317.832,0.989748,cuttingboard,-1.437559,0.891825,1.196799,272.964,60.09008,300.075,-1.436887,0.906805,1.197186,0.245887,0.05029,0.364747,318.3429,319.6868,321.6973,327.3171,-1.434922,0.860838,1.21654,36.65879,350.8712,11.0317,0.036835,0.002638,-0.030986,0.019741,-1.449017,0.900208,1.243952,0.048761,-0.01213,-0.006597,0.046765,125.6731,-236.3052,290.7811,-289.0433,-0.942543,1.598995,0.825594,Pilot_Kitchen_cube/10/S002/trackers/VR_move_T019.csv,Pilot_Kitchen_cube/10/S002/trackers/Eye_gaze_T019.csv
Pilot_Kitchen_cube,10,2,20,1,20,329.3497,340.8116,4,K01,K01_L09,cube,0,0,0,90,Plate,332.5595,100.1674,tablesetting,1.346949,0.883812,0.447195,1.149957,175.9449,2.014389,1.376723,0.896645,0.467217,0.431217,0.056127,0.360425,333.0703,334.481,336.4913,339.7898,1.304591,0.836887,0.445775,6.444587,348.3637,321.2863,0.063231,-0.042358,-0.046925,-0.001421,1.334337,0.875654,0.456371,0.048526,-0.042386,-0.020991,-0.010846,175.5394,5.294631,172.4189,319.272,0.74693,1.538446,0.316094,Pilot_Kitchen_cube/10/S002/trackers/VR_move_T020.csv,Pilot_Kitchen_cube/10/S002/trackers/Eye_gaze_T020.csv
Pilot_Kitchen_cube,10,2,21,1,21,341.8223,354.1506,10,K01,K01_L19,cube,0,0,0,270,Kettle,345.1987,262.2788,electrickettle,-1.815528,0.88442,-1.188014,359.4425,51.20193,359.9249,-1.83694,1.015495,-1.169477,0.279372,0.263917,0.277038,345.7095,347.1648,349.175,353.1289,-1.768477,0.873656,-1.141564,339.8145,337.1543,30.43952,0.066986,0.04705,-0.010764,0.046449,-1.786046,0.914116,-1.165107,0.113521,0.050894,-0.101379,0.004369,76.09481,-19.62802,285.9524,-329.4854,-1.259312,1.576324,-0.938444,Pilot_Kitchen_cube/10/S002/trackers/VR_move_T021.csv,Pilot_Kitchen_cube/10/S002/trackers/Eye_gaze_T021.csv
Pilot_Kitchen_cube,10,2,22,1,22,355.1613,366.2791,4,K01,K01_L09,cube,0,0,0,90,Plate,358.4047,99.08468,tablesetting,1.346949,0.883812,0.447195,1.149957,175.9449,2.014389,1.376723,0.896645,0.467217,0.431217,0.056127,0.360425,358.9154,359.8595,361.8699,365.2572,1.284116,0.826254,0.459916,4.241256,355.6496,321.9837,0.086156,-0.062833,-0.057558,0.012721,1.3146,0.865537,0.465157,0.069506,-0.062122,-0.031107,-0.00206,178.4328,3.091299,179.7047,319.9693,0.838362,1.527841,0.374604,Pilot_Kitchen_cube/10/S002/trackers/VR_move_T022.csv,Pilot_Kitchen_cube/10/S002/trackers/Eye_gaze_T022.csv
Pilot_Kitchen_cube,10,2,23,1,23,367.2898,378.5297,9,K01,K01_L12,cube,0,0,0,0,Banana,370.5661,4.882699,banana,0.050392,0.908097,1.171279,276.2014,165.8417,147.4809,0.03991,0.907322,1.177484,0.224758,0.057988,0.228644,371.0772,372.3655,374.3758,377.5078,0.075977,0.846286,1.183349,29.82007,3.462276,6.66388,0.067977,0.025584,-0.061812,0.012069,0.071676,0.889372,1.20835,0.047791,0.031767,-0.01795,0.030866,133.544,-246.3813,-162.3795,-140.817,0.043983,1.576907,0.701334,Pilot_Kitchen_cube/10/S002/trackers/VR_move_T023.csv,Pilot_Kitchen_cube/10/S002/trackers/Eye_gaze_T023.csv
Pilot_Kitchen_cube,10,2,24,1,24,379.5403,391.4355,3,K01,K01_L16,cube,0,0,0,90,Flowers,382.5613,96.87112,flowers,1.069949,0.867997,0.834195,0.462501,110.9224,358.712,1.072386,1.089711,0.836063,0.476981,0.447812,0.470179,383.0721,385.0938,387.1041,390.4137,1.059556,0.850038,0.811881,14.5235,335.5949,328.5379,0.030471,-0.010393,-0.017959,-0.022314,1.078901,0.891324,0.832404,0.198528,0.006515,-0.198387,-0.003659,133.3958,14.061,224.6726,-30.1741,0.661659,1.528452,0.568827,Pilot_Kitchen_cube/10/S002/trackers/VR_move_T024.csv,Pilot_Kitchen_cube/10/S002/trackers/Eye_gaze_T024.csv
Pilot_Kitchen_cube,10,2,25,1,25,392.4463,404.0747,7,K01,K01_L15,cube,0,0,0,270,Water Bottle,395.7116,273.5845,waterbottle,-1.392051,0.883097,-1.231805,0.516519,199.2043,358.5333,-1.400844,0.984469,-1.230697,0.092938,0.203459,0.086649,396.2224,397.1667,399.1768,403.053,-1.370806,0.87299,-1.22291,347.1119,318.7835,35.68373,0.025152,0.021246,-0.010107,0.008895,-1.386776,0.91258,-1.248941,0.075491,0.014068,-0.071889,-0.018245,127.2759,346.5954,119.5792,-322.8495,-1.0121,1.584516,-0.934115,Pilot_Kitchen_cube/10/S002/trackers/VR_move_T025.csv,Pilot_Kitchen_cube/10/S002/trackers/Eye_gaze_T025.csv
Pilot_Kitchen_cube,10,2,26,1,26,405.0855,418.3579,10,K01,K01_L19,cube,0,0,0,270,Kettle,409.6836,274.9831,electrickettle,-1.815528,0.88442,-1.188014,359.4425,51.20193,359.9249,-1.83694,1.015495,-1.169477,0.279372,0.263917,0.277038,410.1945,411.6607,413.671,417.3361,-1.775485,0.865749,-1.165946,343.2962,355.3846,26.12428,0.049386,0.040042,-0.018671,0.022067,-1.796392,0.908747,-1.180579,0.114729,0.040548,-0.106749,-0.011102,59.52547,-16.14624,304.1827,-333.8007,-1.293909,1.55028,-0.999381,Pilot_Kitchen_cube/10/S002/trackers/VR_move_T026.csv,Pilot_Kitchen_cube/10/S002/trackers/Eye_gaze_T026.csv
Pilot_Kitchen_cube,10,2,27,1,27,419.3688,430.4863,9,K01,K01_L12,cube,0,0,0,0,Banana,422.8227,5.086544,banana,0.050392,0.908097,1.171279,276.2014,165.8417,147.4809,0.03991,0.907322,1.177484,0.224758,0.057988,0.228644,423.3337,424.7555,426.7656,429.4645,0.074829,0.847365,1.185049,32.15332,8.022859,11.11181,0.066897,0.024436,-0.060732,0.01377,0.068931,0.888903,1.212249,0.048888,0.029021,-0.018419,0.034764,137.9306,-244.0481,-157.8189,-136.3691,0.023576,1.559693,0.707855,Pilot_Kitchen_cube/10/S002/trackers/VR_move_T027.csv,Pilot_Kitchen_cube/10/S002/trackers/Eye_gaze_T027.csv
Pilot_Kitchen_cube,10,2,28,1,28,431.497,444.2807,4,K01,K01_L09,cube,0,0,0,90,Plate,435.7176,90.56689,tablesetting,1.346949,0.883812,0.447195,1.149957,175.9449,2.014389,1.376723,0.896645,0.467217,0.431217,0.056127,0.360425,436.2284,437.1393,439.1495,443.2589,1.317953,0.801655,0.433712,5.437727,349.3671,325.6886,0.08816,-0.028996,-0.082156,-0.013483,1.344932,0.842769,0.442759,0.067168,-0.031791,-0.053876,-0.024458,175.8058,4.28777,173.4222,323.6743,0.917963,1.557462,0.423042,Pilot_Kitchen_cube/10/S002/trackers/VR_move_T028.csv,Pilot_Kitchen_cube/10/S002/trackers/Eye_gaze_T028.csv
Pilot_Kitchen_cube,10,2,29,1,29,445.2915,456.92,9,K01,K01_L12,cube,0,0,0,0,Banana,448.6678,2.501711,banana,0.050392,0.908097,1.171279,276.2014,165.8417,147.4809,0.03991,0.907322,1.177484,0.224758,0.057988,0.228644,449.179,450.3894,452.3997,455.8983,0.073338,0.856126,1.167715,31.25989,4.026449,4.834656,0.056923,0.022946,-0.051972,-0.003564,0.07095,0.898715,1.193801,0.036108,0.03104,-0.008607,0.016316,134.483,-244.9415,-161.8153,-142.6463,-0.013481,1.539172,0.597391,Pilot_Kitchen_cube/10/S002/trackers/VR_move_T029.csv,Pilot_Kitchen_cube/10/S002/trackers/Eye_gaze_T029.csv
Pilot_Kitchen_cube,10,2,30,1,30,457.9309,468.9596,8,K01,K01_L13,cube,0,0,0,0,Cutting Board,459.4747,5.547351,cuttingboard,-1.437559,0.891825,1.196799,272.964,60.09008,300.075,-1.436887,0.906805,1.197186,0.245887,0.05029,0.364747,459.9854,461.8181,463.8284,467.9378,-1.424087,0.857021,1.214815,38.50875,328.9375,9.664286,0.041441,0.013472,-0.034804,0.018015,-1.447113,0.895591,1.236773,0.042396,-0.010226,-0.011213,0.039587,129.0062,-234.4552,268.8474,-290.4108,-1.035227,1.577546,0.847993,Pilot_Kitchen_cube/10/S002/trackers/VR_move_T030.csv,Pilot_Kitchen_cube/10/S002/trackers/Eye_gaze_T030.csv
Pilot_Kitchen_cube,10,2,31,1,31,469.9704,481.6878,1,K01,K01_L05,cube,0,0,0,180,Plant,472.9357,181.5731,plant,0.740949,0.010997,-1.475805,357.0071,116.5166,356.3118,0.689599,0.494938,-1.514348,1.09479,0.991716,0.990528,473.4466,474.2907,476.3011,480.6659,0.71252,-0.022003,-1.46161,312.4197,6.522924,328.9225,0.045812,-0.028429,-0.033,0.014195,0.734571,0.006884,-1.495951,0.490467,0.044972,-0.488054,0.018398,128.7065,-44.5874,-109.9937,-27.38934,0.751509,0.861261,-1.35774,Pilot_Kitchen_cube/10/S002/trackers/VR_move_T031.csv,Pilot_Kitchen_cube/10/S002/trackers/Eye_gaze_T031.csv
Pilot_Kitchen_cube,10,2,32,1,32,482.6985,495.8709,10,K01,K01_L19,cube,0,0,0,270,Kettle,486.4858,272.9845,electrickettle,-1.815528,0.88442,-1.188014,359.4425,51.20193,359.9249,-1.83694,1.015495,-1.169477,0.279372,0.263917,0.277038,486.9968,488.0186,490.0289,494.8492,-1.764105,0.86305,-1.180482,350.6126,342.0236,27.35441,0.056193,0.051422,-0.02137,0.007531,-1.783723,0.906864,-1.194463,0.12352,0.053217,-0.108631,-0.024986,71.99078,-8.829865,290.8216,-332.5705,-1.24743,1.590699,-0.867279,Pilot_Kitchen_cube/10/S002/trackers/VR_move_T032.csv,Pilot_Kitchen_cube/10/S002/trackers/Eye_gaze_T032.csv
Pilot_Kitchen_cube,10,2,33,1,33,496.8816,507.9327,6,K01,K01_L07,cube,0,0,0,270,Espresso Machine,499.4361,267.4133,coffeemaker,-1.82445,0.880285,-0.854397,358.1284,90.56697,358.8811,-1.764189,1.051043,-0.853803,0.345148,0.352667,0.277094,499.9469,500.7691,502.7794,506.9109,-1.770942,0.868228,-0.838113,348.0924,358.4822,23.98141,0.057216,0.053508,-0.012057,0.016284,-1.791008,0.912929,-0.848074,0.140811,-0.026819,-0.138114,0.005729,92.15135,-10.03595,267.9152,-334.8997,-1.249262,1.562588,-0.78258,Pilot_Kitchen_cube/10/S002/trackers/VR_move_T033.csv,Pilot_Kitchen_cube/10/S002/trackers/Eye_gaze_T033.csv
Pilot_Kitchen_cube,10,2,34,1,34,508.9434,520.0722,5,K01,K01_L04,cube,0,0,0,0,Breadbasket,511.9421,358.2864,bunsinbasket,-1.087051,0.883797,1.18928,0.60304,67.68452,1.555164,-1.088983,0.950319,1.190754,0.301863,0.325402,0.296634,512.4531,513.3973,515.4075,519.0504,-1.129796,0.853701,1.209635,30.88124,315.2306,10.8715,0.0561,-0.042745,-0.030096,0.020356,-1.15424,0.895843,1.220886,0.090189,-0.065257,-0.054477,0.030132,117.8013,30.2782,247.5461,9.316334,-0.838208,1.564948,0.850317,Pilot_Kitchen_cube/10/S002/trackers/VR_move_T034.csv,Pilot_Kitchen_cube/10/S002/trackers/Eye_gaze_T034.csv
Pilot_Kitchen_cube,10,2,35,1,35,521.0831,536.4766,2,K01,K01_L25,cube,0,0,0,90,Painting,524.7704,95.88927,picture,1.870949,1.47049,0.304973,0,270,0,1.857929,1.846447,0.356637,0.02604,0.516962,0.933721,525.2811,527.1027,529.113,535.4549,1.893668,1.833203,0.335125,17.76892,1.9383,28.65224,0.364673,0.02272,0.362713,0.030152,1.87016,1.874987,0.349319,0.031901,0.012232,0.02854,-0.007318,92.29132,17.76892,-268.0617,28.65224,0.838663,1.609481,0.246381,Pilot_Kitchen_cube/10/S002/trackers/VR_move_T035.csv,Pilot_Kitchen_cube/10/S002/trackers/Eye_gaze_T035.csv
Pilot_Kitchen_cube,10,2,36,1,36,537.4874,554.625,5,K01,K01_L04,cube,0,0,0,0,Breadbasket,540.6416,1.250038,bunsinbasket,-1.087051,0.883797,1.18928,0.60304,67.68452,1.555164,-1.088983,0.950319,1.190754,0.301863,0.325402,0.296634,541.1525,546.095,548.1054,553.603,-1.103875,0.865048,1.22383,33.25568,345.5515,21.95541,0.042758,-0.016823,-0.018749,0.03455,-1.128323,0.903827,1.243791,0.080759,-0.039339,-0.046492,0.053037,94.58832,32.65264,277.867,20.40024,-0.813052,1.606347,0.584322,Pilot_Kitchen_cube/10/S002/trackers/VR_move_T036.csv,Pilot_Kitchen_cube/10/S002/trackers/Eye_gaze_T036.csv
Pilot_Kitchen_cube,10,2,37,1,37,555.6355,568.4303,8,K01,K01_L13,cube,0,0,0,0,Cutting Board,558.6678,11.43571,cuttingboard,-1.437559,0.891825,1.196799,272.964,60.09008,300.075,-1.436887,0.906805,1.197186,0.245887,0.05029,0.364747,559.1786,560.6782,562.6884,567.4085,-1.40766,0.863991,1.224598,30.21709,331.662,21.71805,0.049411,0.029899,-0.027834,0.027798,-1.435042,0.90413,1.236391,0.03934,0.001845,-0.002675,0.039205,120.098,-242.7469,271.5719,-278.357,-0.972325,1.613547,0.832976,Pilot_Kitchen_cube/10/S002/trackers/VR_move_T037.csv,Pilot_Kitchen_cube/10/S002/trackers/Eye_gaze_T037.csv
Pilot_Kitchen_cube,10,2,38,1,38,569.4412,584.1352,4,K01,K01_L09,cube,0,0,0,90,Plate,574.0839,92.69689,tablesetting,1.346949,0.883812,0.447195,1.149957,175.9449,2.014389,1.376723,0.896645,0.467217,0.431217,0.056127,0.360425,574.5945,575.7385,577.7489,583.1135,1.296155,0.821736,0.424301,2.667276,343.6935,326.2388,0.083412,-0.050794,-0.062075,-0.022895,1.322281,0.863259,0.433959,0.072005,-0.054442,-0.033386,-0.033258,169.515,1.51732,167.7486,324.2244,0.985507,1.524465,0.332228,Pilot_Kitchen_cube/10/S002/trackers/VR_move_T038.csv,Pilot_Kitchen_cube/10/S002/trackers/Eye_gaze_T038.csv
Pilot_Kitchen_cube,10,2,39,1,39,585.1458,601.8279,2,K01,K01_L25,cube,0,0,0,90,Painting,589.333,93.35371,picture,1.870949,1.47049,0.304973,0,270,0,1.857929,1.846447,0.356637,0.02604,0.516962,0.933721,589.8439,592.8651,594.8757,600.8063,1.896465,1.806257,0.309271,27.27136,11.28556,40.18199,0.336763,0.025516,0.335768,0.004298,1.868253,1.840211,0.332749,0.02676,0.010325,-0.006236,-0.023887,100.2084,27.27136,-258.7144,40.18199,1.13076,1.662582,0.156752,Pilot_Kitchen_cube/10/S002/trackers/VR_move_T039.csv,Pilot_Kitchen_cube/10/S002/trackers/Eye_gaze_T039.csv
Pilot_Kitchen_cube,10,2,40,1,40,602.8386,614.7449,7,K01,K01_L15,cube,0,0,0,270,Water Bottle,605.6375,276.2068,waterbottle,-1.392051,0.883097,-1.231805,0.516519,199.2043,358.5333,-1.400844,0.984469,-1.230697,0.092938,0.203459,0.086649,606.1484,607.4041,609.4139,613.7231,-1.391126,0.876315,-1.187015,349.5369,323.3904,33.01724,0.04531,0.000925,-0.006782,0.04479,-1.408455,0.917543,-1.209374,0.070651,-0.007611,-0.066926,0.021323,130.047,349.0204,124.1861,-325.516,-0.98049,1.593,-0.917712,Pilot_Kitchen_cube/10/S002/trackers/VR_move_T040.csv,Pilot_Kitchen_cube/10/S002/trackers/Eye_gaze_T040.csv
Pilot_Kitchen_cube,10,2,41,1,41,615.7556,630.1053,4,K01,K01_L09,cube,0,0,0,90,Plate,619.0765,94.10951,tablesetting,1.346949,0.883812,0.447195,1.149957,175.9449,2.014389,1.376723,0.896645,0.467217,0.431217,0.056127,0.360425,619.5873,622.7974,624.8076,629.0836,1.334745,0.834682,0.416742,16.26562,325.5556,322.7592,0.059077,-0.012204,-0.04913,-0.030453,1.353392,0.872894,0.443051,0.041139,-0.02333,-0.023751,-0.024166,157.4348,15.11566,149.6107,320.7449,0.992706,1.570886,0.270363,Pilot_Kitchen_cube/10/S002/trackers/VR_move_T041.csv,Pilot_Kitchen_cube/10/S002/trackers/Eye_gaze_T041.csv
Pilot_Kitchen_cube,10,2,42,1,42,631.1162,644.3661,3,K01,K01_L16,cube,0,0,0,90,Flowers,634.848,91.41034,flowers,1.069949,0.867997,0.834195,0.462501,110.9224,358.712,1.072386,1.089711,0.836063,0.476981,0.447812,0.470179,635.3588,636.7139,638.7242,643.3445,1.087636,0.853851,0.848408,10.07659,309.3208,335.1895,0.026739,0.017688,-0.014146,0.014213,1.094788,0.898536,0.869671,0.195395,0.022402,-0.191175,0.033608,159.9078,9.614093,198.3984,-23.52252,0.761232,1.572865,0.562329,Pilot_Kitchen_cube/10/S002/trackers/VR_move_T042.csv,Pilot_Kitchen_cube/10/S002/trackers/Eye_gaze_T042.csv
Pilot_Kitchen_cube,10,2,43,1,43,645.3769,658.894,3,K01,K01_L16,cube,0,0,0,90,Flowers,650.3304,92.77638,flowers,1.069949,0.867997,0.834195,0.462501,110.9224,358.712,1.072386,1.089711,0.836063,0.476981,0.447812,0.470179,650.8413,651.8522,653.8626,657.8719,1.07617,0.850267,0.857573,11.13506,310.2525,330.1768,0.029993,0.006221,-0.01773,0.023378,1.085844,0.892829,0.881964,0.20261,0.013458,-0.196883,0.045901,158.4968,10.67256,199.3301,-28.53516,0.777529,1.574577,0.587258,Pilot_Kitchen_cube/10/S002/trackers/VR_move_T043.csv,Pilot_Kitchen_cube/10/S002/trackers/Eye_gaze_T043.csv
Pilot_Kitchen_cube,10,2,44,1,44,659.9043,673.8544,2,K01,K01_L25,cube,0,0,0,90,Painting,662.2923,98.26427,picture,1.870949,1.47049,0.304973,0,270,0,1.857929,1.846447,0.356637,0.02604,0.516962,0.933721,662.8032,665.2911,667.3014,672.8325,1.887674,1.715494,0.375039,13.83103,8.072032,31.87045,0.255374,0.016725,0.245004,0.070066,1.862961,1.756725,0.388797,0.095445,0.005032,-0.089723,0.03216,98.80089,13.83103,-261.928,31.87045,0.807402,1.607114,0.215897,Pilot_Kitchen_cube/10/S002/trackers/VR_move_T044.csv,Pilot_Kitchen_cube/10/S002/trackers/Eye_gaze_T044.csv
Pilot_Kitchen_cube,10,2,45,1,45,674.8649,690.3698,6,K01,K01_L07,cube,0,0,0,270,Espresso Machine,679.3965,267.9821,coffeemaker,-1.82445,0.880285,-0.854397,358.1284,90.56697,358.8811,-1.764189,1.051043,-0.853803,0.345148,0.352667,0.277094,679.9074,681.9956,684.0057,689.348,-1.783964,0.884982,-0.8372,345.0811,351.9038,19.02058,0.044238,0.040486,0.004698,0.017197,-1.798383,0.930659,-0.851544,0.125166,-0.034194,-0.120384,0.002259,97.87991,-13.04724,261.3368,-339.8606,-1.06249,1.599206,-0.61307,Pilot_Kitchen_cube/10/S002/trackers/VR_move_T045.csv,Pilot_Kitchen_cube/10/S002/trackers/Eye_gaze_T045.csv
Pilot_Kitchen_cube,10,2,46,1,46,691.3804,704.1198,3,K01,K01_L16,cube,0,0,0,90,Flowers,695.2234,99.4565,flowers,1.069949,0.867997,0.834195,0.462501,110.9224,358.712,1.072386,1.089711,0.836063,0.476981,0.447812,0.470179,695.7344,696.9893,698.9998,703.098,1.094914,0.84513,0.816229,10.45539,322.855,334.6475,0.038327,0.024966,-0.022867,-0.017966,1.107029,0.889565,0.835693,0.203123,0.034643,-0.200147,-0.00037,146.6344,9.992889,211.9326,-24.06454,0.782975,1.563122,0.647634,Pilot_Kitchen_cube/10/S002/trackers/VR_move_T046.csv,Pilot_Kitchen_cube/10/S002/trackers/Eye_gaze_T046.csv
Pilot_Kitchen_cube,10,2,47,1,47,705.1306,726.2887,2,K01,K01_L25,cube,0,0,0,90,Painting,714.7046,90.27543,picture,1.870949,1.47049,0.304973,0,270,0,1.857929,1.846447,0.356637,0.02604,0.516962,0.933721,715.2152,719.1916,721.2017,725.2669,1.916157,1.780155,0.35566,19.42009,7.89779,48.09331,0.317026,0.045208,0.309665,0.050687,1.880824,1.811651,0.371772,0.044318,0.022895,-0.034796,0.015135,99.97223,19.42009,-262.1022,48.09331,1.161799,1.670905,0.203778,Pilot_Kitchen_cube/10/S002/trackers/VR_move_T047.csv,Pilot_Kitchen_cube/10/S002/trackers/Eye_gaze_T047.csv
Pilot_Kitchen_cube,10,2,48,1,48,727.2994,757.9647,9,K01,K01_L12,cube,0,0,0,0,Banana,748.4018,6.89926,banana,0.050392,0.908097,1.171279,276.2014,165.8417,147.4809,0.03991,0.907322,1.177484,0.224758,0.057988,0.228644,748.9128,750.1346,752.1448,756.9429,0.089962,0.856807,1.181777,24.04834,358.9811,12.4359,0.065625,0.03957,-0.05129,0.010497,0.078843,0.901396,1.201479,0.046116,0.038933,-0.005925,0.023995,128.8758,-252.1531,193.1394,-135.045,0.017173,1.565245,0.72235,Pilot_Kitchen_cube/10/S002/trackers/VR_move_T048.csv,Pilot_Kitchen_cube/10/S002/trackers/Eye_gaze_T048.csv
Pilot_Kitchen_cube,10,2,49,1,49,758.9755,775.1132,2,K01,K01_L25,cube,0,0,0,90,Painting,765.917,94.45525,picture,1.870949,1.47049,0.304973,0,270,0,1.857929,1.846447,0.356637,0.02604,0.516962,0.933721,766.428,767.8495,769.8599,774.0916,1.899435,1.743935,0.3381,24.84645,4.674722,46.32161,0.276914,0.028486,0.273445,0.033127,1.864576,1.775269,0.355508,0.071497,0.006648,-0.071178,-0.001129,95.75856,24.84645,-265.3253,46.32161,1.170298,1.662209,0.172747,Pilot_Kitchen_cube/10/S002/trackers/VR_move_T049.csv,Pilot_Kitchen_cube/10/S002/trackers/Eye_gaze_T049.csv
Pilot_Kitchen_cube,10,2,50,1,50,776.124,789.7184,1,K01,K01_L05,cube,0,0,0,180,Plant,780.7998,183.5819,plant,0.740949,0.010997,-1.475805,357.0071,116.5166,356.3118,0.689599,0.494938,-1.514348,1.09479,0.991716,0.990528,781.3107,782.6436,784.6538,788.6966,0.714802,0.000577,-1.481117,318.8768,4.838322,314.9764,0.028644,-0.026147,-0.010421,-0.005313,0.748086,0.027199,-1.507261,0.471435,0.058487,-0.467739,0.007087,134.4785,-38.13031,-111.6783,-41.33545,0.812046,0.884269,-1.426653,Pilot_Kitchen_cube/10/S002/trackers/VR_move_T050.csv,Pilot_Kitchen_cube/10/S002/trackers/Eye_gaze_T050.csv
