time,ori_x,ori_y,ori_z,dir_x,dir_y,dir_z,gaze_x,gaze_y,gaze_z,gaze_object,pupil_l,pupil_r
555.0599,0.00491,0.001762,-0.031819,-0.192474,-0.101547,0.976028,-99999,-99999,-99999,,3.633148,3.528839
555.0712,0.00491,0.001762,-0.031819,-0.192474,-0.101547,0.976028,-99999,-99999,-99999,,3.633148,3.528839
555.082,-0.028125,0.002711,-0.029378,-0.25087,-0.022064,0.967758,-99999,-99999,-99999,,3.780457,3.381622
555.0931,0.004396,0.011467,-0.064297,-0.255127,-0.242905,0.935883,0.534958,0,9.933464,Ground,1.985153,3.260483
555.1043,-0.027501,0.002403,-0.028421,-0.322525,-0.00914,0.946503,-99999,-99999,-99999,,-1,3.228256
555.1154,-0.027501,0.002403,-0.028421,-0.322525,-0.00914,0.946503,-99999,-99999,-99999,,-1,3.228256
555.1264,-0.027555,0.002441,-0.028462,-0.32579,-0.043762,0.944412,-99999,-99999,-99999,,-1,3.391068
555.1376,-0.027867,0.002529,-0.028477,-0.277893,-0.015778,0.96048,-99999,-99999,-99999,,2.123169,3.262451
555.1486,-0.027867,0.002529,-0.028477,-0.277893,-0.015778,0.96048,-99999,-99999,-99999,,2.123169,3.262451
555.1599,-0.028146,0.002705,-0.028886,-0.237183,0.013153,0.971375,-99999,-99999,-99999,,3.5298,3.344788
555.1708,-0.028393,0.002874,-0.029217,-0.184341,0.031067,0.982361,-99999,-99999,-99999,,3.803879,3.499863
555.1819,-0.028634,0.00308,-0.029752,-0.138825,0.038528,0.989563,-99999,-99999,-99999,,3.673019,3.601669
555.1931,-0.028634,0.00308,-0.029752,-0.138825,0.038528,0.989563,-99999,-99999,-99999,,3.673019,3.601669
555.2042,-0.028708,0.003067,-0.029692,-0.121094,0.047272,0.991501,-99999,-99999,-99999,,3.717575,3.534866
555.2153,-0.029014,0.00327,-0.030327,-0.052689,0.048523,0.997421,-99999,-99999,-99999,,2.806839,3.502701
555.2264,-0.029014,0.00327,-0.030327,-0.052689,0.048523,0.997421,-99999,-99999,-99999,,2.806839,3.502701
555.2375,-0.029191,0.003352,-0.030534,-0.021484,0.062759,0.997788,-99999,-99999,-99999,,3.080307,3.439529
555.2486,-0.028713,0.003151,-0.029783,-0.153442,0.062103,0.986191,-99999,-99999,-99999,,3.008072,3.50592
555.2597,-0.028713,0.003151,-0.029783,-0.153442,0.062103,0.986191,-99999,-99999,-99999,,3.008072,3.50592
555.2708,-0.028345,0.003026,-0.029379,-0.171356,0.070953,0.982636,-99999,-99999,-99999,,3.003586,3.429123
555.2819,-0.027897,0.00282,-0.028971,-0.23143,0.089264,0.968735,-99999,-99999,-99999,,2.841583,3.550201
555.2932,-0.005666,0.007326,-0.048199,-0.238022,-0.133911,0.961975,-10.78938,0,14.32037,Ground,2.328705,3.298553
555.3041,-0.005666,0.007326,-0.048199,-0.238022,-0.133911,0.961975,-11.22109,0,13.52707,Ground,2.328705,3.298553
555.3152,-0.027537,0.002241,-0.027395,-0.28714,-0.006607,0.957855,-99999,-99999,-99999,,3.792801,3.015015
555.3264,-0.027359,0.002783,-0.02918,-0.375931,0.036041,0.925934,-99999,-99999,-99999,,1.762985,3.62146
555.3376,-0.027164,0.002452,-0.028262,-0.430908,0.072128,0.89949,-99999,-99999,-99999,,-1,3.572998
555.3486,-0.027164,0.002452,-0.028262,-0.430908,0.072128,0.89949,-99999,-99999,-99999,,-1,3.572998
555.3597,-0.026983,0.003065,-0.030368,-0.431274,0.052795,0.900665,-99999,-99999,-99999,,-1,3.62175
555.3708,-0.026909,0.003206,-0.030917,-0.439636,0.054611,0.8965,-99999,-99999,-99999,,-1,3.572388
555.3823,-0.026909,0.003206,-0.030917,-0.439636,0.054611,0.8965,-99999,-99999,-99999,,-1,3.572388
555.3931,0,0,0,0,0,1,-99999,-99999,-99999,,-1,-1
555.4042,0,0,0,0,0,1,-99999,-99999,-99999,,-1,-1
555.4153,0,0,0,0,0,1,-99999,-99999,-99999,,-1,-1
555.4263,-0.026646,0.002051,-0.027199,-0.52179,0.097473,0.847473,-99999,-99999,-99999,,-1,3.194672
555.4376,-0.027066,0.002526,-0.028707,-0.427445,0.034164,0.903381,-99999,-99999,-99999,,-1,3.813095
555.4485,-0.027496,0.002401,-0.027894,-0.309021,-0.025101,0.950714,-99999,-99999,-99999,,3.904816,2.878036
555.4597,-0.027496,0.002401,-0.027894,-0.309021,-0.025101,0.950714,-99999,-99999,-99999,,3.904816,2.878036
555.4708,0.004301,0.011362,-0.063529,-0.272049,-0.225906,0.935379,-8.465415,0,1.253992,Ground,1.908234,3.63382
555.4819,-0.028243,0.002894,-0.029,-0.251984,0.079117,0.964478,-99999,-99999,-99999,,3.051514,3.579071
555.493,-0.028243,0.002894,-0.029,-0.251984,0.079117,0.964478,-99999,-99999,-99999,,3.051514,3.579071
555.5042,0.004933,0.002187,-0.032072,-0.356766,-0.078217,0.930908,-39.66205,0,-1.130001,Ground,2.387817,3.547562
555.5152,0.004621,0.002323,-0.032305,-0.151886,0.058853,0.986633,-99999,-99999,-99999,,2.928757,3.429596
555.5263,0.0044,0.002437,-0.032552,-0.107468,0.078918,0.991058,-99999,-99999,-99999,,2.950043,3.637665
555.5376,0.0044,0.002437,-0.032552,-0.107468,0.078918,0.991058,-99999,-99999,-99999,,2.950043,3.637665
555.5485,-0.028569,0.003183,-0.029752,-0.211823,0.056015,0.975693,-99999,-99999,-99999,,3.126434,3.513077
555.5598,-0.028398,0.003091,-0.029496,-0.233292,0.056747,0.970734,-99999,-99999,-99999,,2.711517,3.600937
555.5707,-0.028398,0.003091,-0.029496,-0.233292,0.056747,0.970734,-99999,-99999,-99999,,2.711517,3.600937
555.5819,-0.028696,0.003207,-0.029809,-0.164291,0.06221,0.984436,-99999,-99999,-99999,,2.944717,3.50174
555.593,-0.028952,0.003302,-0.029982,-0.120606,0.077637,0.989655,-99999,-99999,-99999,,3.217926,3.564224
555.6041,-0.028952,0.003302,-0.029982,-0.120606,0.077637,0.989655,-99999,-99999,-99999,,3.217926,3.564224
555.6153,-0.029343,0.003535,-0.030621,-0.05722,0.081726,0.994995,-99999,-99999,-99999,,3.085312,3.576431
555.6262,-0.029463,0.003586,-0.030746,-0.043915,0.068939,0.996643,-99999,-99999,-99999,,3.077332,3.551437
555.6375,-0.029554,0.003685,-0.031074,-0.020172,0.076553,0.996857,-99999,-99999,-99999,,3.141449,3.559158
555.6485,-0.029554,0.003685,-0.031074,-0.020172,0.076553,0.996857,-99999,-99999,-99999,,3.141449,3.559158
555.6597,0.017848,0.002315,-0.034166,0.023193,0.072556,0.997086,-99999,-99999,-99999,,3.089798,3.58403
555.6707,0.008414,0.002558,-0.033442,0.058792,0.080826,0.99498,-99999,-99999,-99999,,3.132492,3.514114
555.6818,0.008414,0.002558,-0.033442,0.058792,0.080826,0.99498,-99999,-99999,-99999,,3.132492,3.514114
555.6929,0.007062,0.002687,-0.033599,0.088104,0.078033,0.993042,-99999,-99999,-99999,,3.120514,3.429489
555.704,0.020085,0.002448,-0.034774,0.114426,0.077225,0.990418,-99999,-99999,-99999,,3.160553,3.483078
555.7151,0.020085,0.002448,-0.034774,0.114426,0.077225,0.990418,-99999,-99999,-99999,,3.160553,3.483078
555.7262,0.032441,0.002007,-0.03544,0.123856,0.052795,0.990891,-99999,-99999,-99999,,3.213379,3.456238
555.7375,0.031873,0.001887,-0.035295,0.098953,0.020508,0.994873,-99999,-99999,-99999,,3.209229,3.555771
555.7484,0.026496,0.002091,-0.03499,0.145416,0.033112,0.9888,-99999,-99999,-99999,,2.938675,3.485626
555.7597,0.026496,0.002091,-0.03499,0.145416,0.033112,0.9888,-99999,-99999,-99999,,2.938675,3.485626
555.7706,0.024217,0.002322,-0.035293,0.157501,0.02829,0.987106,-99999,-99999,-99999,,3.030884,3.585114
555.7817,0.024898,0.00229,-0.035276,0.164169,0.030258,0.985962,-99999,-99999,-99999,,3.061844,3.578491
555.7928,0.024898,0.00229,-0.035276,0.164169,0.030258,0.985962,-99999,-99999,-99999,,3.061844,3.578491
555.804,0.026771,0.002265,-0.035435,0.177017,0.023315,0.983917,-99999,-99999,-99999,,3.043716,3.611343
555.8152,0.020954,0.002377,-0.034963,0.179276,0.03624,0.983124,-99999,-99999,-99999,,3.064072,3.613983
555.8261,0.023079,0.002353,-0.035167,0.211029,0.022079,0.977219,-99999,-99999,-99999,,3.007202,3.47731
555.8374,0.023079,0.002353,-0.035167,0.211029,0.022079,0.977219,-99999,-99999,-99999,,3.007202,3.47731
555.8484,0.031161,0.001979,-0.035172,0.185745,0.022476,0.98233,-99999,-99999,-99999,,3.155899,3.514175
555.8594,0.032018,0.001936,-0.035171,0.210312,0.010529,0.97757,-99999,-99999,-99999,,3.157578,3.410385
555.8707,0.032018,0.001936,-0.035171,0.210312,0.010529,0.97757,-99999,-99999,-99999,,3.157578,3.410385
555.8817,0.025112,0.002076,-0.034634,0.217362,0.015396,0.975967,-99999,-99999,-99999,,3.049637,3.525665
555.8928,0.030428,0.001867,-0.034874,0.205109,0.02449,0.978424,-99999,-99999,-99999,,2.962067,3.4254
555.9039,0.030428,0.001867,-0.034874,0.205109,0.02449,0.978424,-99999,-99999,-99999,,2.962067,3.4254
555.9152,0.019907,0.002146,-0.034222,0.234787,0.013092,0.971954,-99999,-99999,-99999,,2.95813,3.444046
555.9261,0.00113,0.002588,-0.032855,0.243668,0.02272,0.969589,-99999,-99999,-99999,,3.046021,3.456253
555.9373,-0.001707,0.002653,-0.032685,0.246628,0.023422,0.968826,-99999,-99999,-99999,,3.034988,3.466248
555.9483,-0.001707,0.002653,-0.032685,0.246628,0.023422,0.968826,-99999,-99999,-99999,,3.034988,3.466248
555.9595,-0.02078,0.003227,-0.031742,0.212616,0.011276,0.977066,-99999,-99999,-99999,,3.086441,3.52652
555.9707,-0.024814,0.003335,-0.031507,0.121948,-0.011246,0.992462,-99999,-99999,-99999,,3.338745,3.507645
555.9817,-0.024814,0.003335,-0.031507,0.121948,-0.011246,0.992462,-99999,-99999,-99999,,3.338745,3.507645
555.9927,-0.030248,0.003548,-0.031414,0.117783,-0.000397,0.993027,-99999,-99999,-99999,,3.241653,3.526947
556.0039,-0.03025,0.003522,-0.031354,0.119949,-0.001221,0.992767,-99999,-99999,-99999,,3.277237,3.480484
556.015,-0.03025,0.003522,-0.031354,0.119949,-0.001221,0.992767,-99999,-99999,-99999,,3.277237,3.480484
556.0262,-0.030249,0.003511,-0.031324,0.117584,-0.002121,0.993057,-99999,-99999,-99999,,3.375168,3.480255
556.0373,-0.030248,0.003507,-0.031315,0.116165,-0.002594,0.99321,-99999,-99999,-99999,,3.380127,3.488647
556.0483,-0.030247,0.003501,-0.031299,0.116058,-0.002716,0.993225,-99999,-99999,-99999,,3.488205,3.489426
556.0596,-0.030247,0.003501,-0.031299,0.116058,-0.002716,0.993225,-99999,-99999,-99999,,3.488205,3.489426
556.0705,-0.030246,0.003491,-0.031277,0.115173,-0.003372,0.993332,-99999,-99999,-99999,,3.490097,3.489578
556.0817,-0.030243,0.003475,-0.031244,0.113983,-0.004578,0.993469,-99999,-99999,-99999,,3.541916,3.489609
556.0928,-0.030243,0.003475,-0.031244,0.113983,-0.004578,0.993469,-99999,-99999,-99999,,3.541916,3.489609
556.1039,-0.030242,0.003464,-0.03122,0.113464,-0.004669,0.99353,-99999,-99999,-99999,,3.557312,3.490448
556.115,-0.030239,0.003443,-0.031179,0.113937,-0.006302,0.993454,-99999,-99999,-99999,,3.615021,3.496155
556.126,-0.030237,0.003398,-0.031081,0.112351,-0.007126,0.993637,-99999,-99999,-99999,,3.698364,3.501617
556.1373,-0.030237,0.003398,-0.031081,0.112351,-0.007126,0.993637,-99999,-99999,-99999,,3.698364,3.501617
556.1483,-0.030237,0.003391,-0.031067,0.112351,-0.00705,0.993637,-99999,-99999,-99999,,3.703476,3.501938
556.1593,-0.030237,0.003391,-0.031067,0.11023,-0.007141,0.993866,-99999,-99999,-99999,,3.650299,3.501495
556.1705,-0.030237,0.003391,-0.031067,0.11023,-0.007141,0.993866,-99999,-99999,-99999,,3.650299,3.501495
556.1817,-0.030237,0.003391,-0.031067,0.109222,-0.007233,0.993988,-99999,-99999,-99999,,3.721237,3.483963
556.1927,-0.030237,0.003391,-0.031067,0.107697,-0.005569,0.994156,-99999,-99999,-99999,,3.722549,3.469513
556.2038,-0.030237,0.003391,-0.031067,0.107697,-0.005569,0.994156,-99999,-99999,-99999,,3.722549,3.469513
556.2149,-0.03024,0.003405,-0.03107,0.104904,-0.008026,0.994446,-99999,-99999,-99999,,3.868713,3.464996
556.2261,-0.030338,0.003447,-0.031074,0.13411,0.001999,0.990952,-99999,-99999,-99999,,3.297653,3.457031
556.2372,-0.030483,0.003439,-0.031036,0.174851,0.00531,0.984573,-99999,-99999,-99999,,3.208496,3.392776
556.2482,-0.030483,0.003439,-0.031036,0.174851,0.00531,0.984573,-99999,-99999,-99999,,3.208496,3.392776
556.2593,-0.030668,0.003499,-0.031142,0.216827,0.011307,0.976135,-99999,-99999,-99999,,3.221176,3.430374
556.2704,-0.030674,0.003485,-0.031052,0.194061,0.016479,0.980835,-99999,-99999,-99999,,3.632095,3.37442
556.2815,-0.030674,0.003485,-0.031052,0.194061,0.016479,0.980835,-99999,-99999,-99999,,3.632095,3.37442
556.2928,-0.030668,0.00347,-0.030964,0.19548,0.015015,0.980591,-99999,-99999,-99999,,3.521729,3.376328
556.3038,-0.030669,0.003449,-0.030866,0.198731,0.026489,0.979691,-99999,-99999,-99999,,3.505112,3.409164
556.3149,-0.030669,0.003449,-0.030866,0.198731,0.026489,0.979691,-99999,-99999,-99999,,3.505112,3.409164
556.3268,-0.030679,0.003513,-0.030897,0.195282,0.032074,0.980209,-99999,-99999,-99999,,3.516632,3.383499
556.3371,-0.03068,0.003514,-0.030907,0.19548,0.030319,0.980225,-99999,-99999,-99999,,3.570602,3.373535
556.3482,-0.03068,0.003514,-0.030907,0.19548,0.030319,0.980225,-99999,-99999,-99999,,3.570602,3.373535
556.3594,-0.030678,0.003503,-0.030893,0.19696,0.034409,0.979797,-99999,-99999,-99999,,3.575195,3.372482
556.3704,-0.030676,0.003492,-0.030882,0.196335,0.034485,0.979919,-99999,-99999,-99999,,3.523224,3.372955
556.3815,-0.030674,0.003492,-0.030882,0.196549,0.037338,0.979767,-99999,-99999,-99999,,3.436691,3.391068
556.3926,-0.030674,0.003492,-0.030882,0.196549,0.037338,0.979767,-99999,-99999,-99999,,3.436691,3.391068
556.4037,-0.030659,0.003561,-0.030983,0.183838,0.027664,0.982559,-99999,-99999,-99999,,3.437195,3.453552
556.4149,-0.030655,0.003586,-0.031022,0.18425,0.035675,0.982224,-99999,-99999,-99999,,3.520401,3.332458
556.426,-0.030655,0.003586,-0.031022,0.18425,0.035675,0.982224,-99999,-99999,-99999,,3.520401,3.332458
556.437,-0.030647,0.003604,-0.03104,0.181122,0.041733,0.982559,-99999,-99999,-99999,,3.149307,3.404648
556.4482,-0.030642,0.003608,-0.031042,0.184662,0.042679,0.981873,-99999,-99999,-99999,,3.150299,3.404755
556.4593,-0.030638,0.003613,-0.031054,0.18306,0.042923,0.982163,-99999,-99999,-99999,,3.139618,3.410507
556.4704,-0.030638,0.003613,-0.031054,0.18306,0.042923,0.982163,-99999,-99999,-99999,,3.139618,3.410507
556.4816,-0.030634,0.003617,-0.031059,0.179642,0.042343,0.982819,-99999,-99999,-99999,,3.06543,3.398026
556.4927,-0.03063,0.003619,-0.031059,0.177292,0.041824,0.983261,-99999,-99999,-99999,,2.949951,3.397461
556.5036,-0.03063,0.003619,-0.031059,0.177292,0.041824,0.983261,-99999,-99999,-99999,,2.949951,3.397461
556.5148,-0.030627,0.003622,-0.031085,0.176239,0.04303,0.983398,-99999,-99999,-99999,,3.487534,3.394806
556.5259,-0.030604,0.003709,-0.031303,0.16835,0.048813,0.984512,-99999,-99999,-99999,,3.079224,3.445267
556.5369,-0.030604,0.003709,-0.031303,0.16835,0.048813,0.984512,-99999,-99999,-99999,,3.079224,3.445267
556.5481,-0.030286,0.00358,-0.031109,0.101883,0.007996,0.994751,-99999,-99999,-99999,,2.826187,3.295563
556.5593,-0.029711,0.003302,-0.030802,0.003876,-0.020187,0.999786,-99999,-99999,-99999,,2.137772,3.511703
556.5703,0.003402,0.011526,-0.064605,-0.096664,-0.281082,0.954788,-99999,-99999,-99999,,2.066742,3.438187
556.5815,0.003402,0.011526,-0.064605,-0.096664,-0.281082,0.954788,-99999,-99999,-99999,,2.066742,3.438187
556.5927,0.004387,0.001771,-0.032146,-0.188431,-0.048492,0.980881,-99999,-99999,-99999,,3.791443,3.299469
556.6036,0.004754,0.001139,-0.030807,-0.218399,-0.3078,0.926025,-99999,-99999,-99999,,4.685593,3.382736
556.6148,0.004754,0.001139,-0.030807,-0.218399,-0.3078,0.926025,-99999,-99999,-99999,,4.685593,3.382736
556.6259,0.0051,0.001319,-0.031763,-0.282105,-0.234924,0.930161,-99999,-99999,-99999,,3.752045,3.390991
556.6372,-0.027953,0.001853,-0.028126,-0.34375,-0.181961,0.921249,-99999,-99999,-99999,,-1,3.381546
556.6483,-0.027953,0.001853,-0.028126,-0.34375,-0.181961,0.921249,-99999,-99999,-99999,,-1,3.381546
556.6594,-0.027773,0.001702,-0.027987,-0.336929,-0.204254,0.919098,-99999,-99999,-99999,,-1,3.295105
556.6703,0.0056,0.000041,-0.028783,-0.42128,-0.395355,0.816208,-99999,-99999,-99999,,-1,3.357513
556.6813,-0.027821,0.001588,-0.027573,-0.3405,-0.1884,0.921158,-99999,-99999,-99999,,-1,3.388992
556.6925,-0.027821,0.001588,-0.027573,-0.3405,-0.1884,0.921158,-99999,-99999,-99999,,-1,3.388992
556.7036,-0.027891,0.001368,-0.026745,-0.341461,-0.19043,0.920395,-99999,-99999,-99999,,-1,3.20752
556.7147,-0.027898,0.00156,-0.027362,-0.342102,-0.191589,0.919922,-99999,-99999,-99999,,-1,3.353897
556.7257,-0.027898,0.00156,-0.027362,-0.342102,-0.191589,0.919922,-99999,-99999,-99999,,-1,3.353897
556.7369,-0.02792,0.001765,-0.028033,-0.340439,-0.196442,0.91951,-99999,-99999,-99999,,-1,3.330597
556.748,-0.028092,0.001687,-0.02767,-0.345947,-0.201141,0.916428,-99999,-99999,-99999,,-1,3.375
556.7592,-0.028092,0.001687,-0.02767,-0.345947,-0.201141,0.916428,-99999,-99999,-99999,,-1,3.375
556.7702,-0.028113,0.00175,-0.027883,-0.350021,-0.187393,0.917786,-99999,-99999,-99999,,-1,3.502625
556.7814,-0.028181,0.001904,-0.02836,-0.324707,-0.194489,0.925598,-99999,-99999,-99999,,-1,3.464355
556.7926,-0.028181,0.001904,-0.02836,-0.324707,-0.194489,0.925598,-99999,-99999,-99999,,-1,3.464355
556.8035,-0.028241,0.002139,-0.029081,-0.300461,-0.2173,0.928696,-99999,-99999,-99999,,-1,3.303436
556.8147,-0.028293,0.00232,-0.029536,-0.282745,-0.207153,0.936554,-99999,-99999,-99999,,-1,3.396011
556.8257,-0.028353,0.002307,-0.029444,-0.275223,-0.20726,0.938767,-99999,-99999,-99999,,-1,3.390762
556.8369,-0.028353,0.002307,-0.029444,-0.275223,-0.20726,0.938767,-99999,-99999,-99999,,-1,3.390762
556.8479,-0.028418,0.002336,-0.029541,-0.274033,-0.192642,0.942215,-99999,-99999,-99999,,-1,3.434387
556.8591,-0.028442,0.002359,-0.029657,-0.268951,-0.190186,0.944183,-99999,-99999,-99999,,-1,3.550201
556.8702,-0.028496,0.002444,-0.029916,-0.264969,-0.181381,0.947037,-1.964404,1.266366,-1.396638,K01_EastWall_01,-1,3.518936
556.8814,-0.028496,0.002444,-0.029916,-0.264969,-0.181381,0.947037,-1.964404,1.262011,-1.406801,K01_EastWall_01,-1,3.518936
556.8925,-0.02851,0.00246,-0.029947,-0.264526,-0.186676,0.946121,-1.964404,1.245377,-1.416867,K01_EastWall_01,5.13269,3.517059
556.9035,-0.02851,0.00246,-0.029947,-0.264526,-0.186676,0.946121,-1.964404,1.240497,-1.426211,K01_EastWall_01,5.13269,3.517059
556.9147,-0.028525,0.002447,-0.029916,-0.254501,-0.182221,0.949738,-1.964404,1.247031,-1.40672,K01_EastWall_01,4.838104,3.538986
556.9257,-0.028537,0.00246,-0.029931,-0.254898,-0.183762,0.949341,-1.964404,1.239588,-1.41617,K01_EastWall_01,4.59436,3.591568
556.937,-0.028545,0.002466,-0.029939,-0.253235,-0.184769,0.949585,-1.964404,1.233534,-1.419986,K01_EastWall_01,4.592072,3.564194
556.9481,-0.028545,0.002466,-0.029939,-0.253235,-0.184769,0.949585,-1.964404,1.229871,-1.427465,K01_EastWall_01,4.592072,3.564194
556.9592,-0.028558,0.002479,-0.029957,-0.247513,-0.186218,0.950806,-1.964404,1.222974,-1.420705,K01_EastWall_01,-1,3.56311
556.9702,-0.028571,0.002511,-0.030011,-0.2435,-0.188705,0.951355,-1.964404,1.213368,-1.41779,K01_EastWall_01,-1,3.546509
556.9813,-0.028571,0.002511,-0.030011,-0.2435,-0.188705,0.951355,-1.964404,1.208271,-1.424831,K01_EastWall_01,-1,3.546509
556.9926,-0.028583,0.002538,-0.03006,-0.240143,-0.190186,0.95192,-1.964404,1.200385,-1.424059,K01_EastWall_01,-1,3.544601
557.0035,-0.028599,0.002555,-0.030095,-0.227905,-0.188263,0.955292,-1.964404,1.2009,-1.398641,K01_EastWall_01,-1,3.532043
557.0146,-0.028599,0.002555,-0.030095,-0.227905,-0.188263,0.955292,-1.964404,1.1956,-1.405374,K01_EastWall_01,-1,3.532043
557.0257,-0.028623,0.00257,-0.030095,-0.221085,-0.175049,0.959412,-1.964404,1.222087,-1.389268,K01_EastWall_01,-1,3.559525
557.0369,-0.028627,0.002577,-0.030095,-0.215897,-0.176498,0.960327,-1.964404,1.214674,-1.383176,K01_EastWall_01,-1,3.56749
557.048,-0.028652,0.002593,-0.030095,-0.207672,-0.167908,0.963669,-1.964404,1.231258,-1.365581,K01_EastWall_01,4.606934,3.569504
557.0591,-0.028652,0.002593,-0.030095,-0.207672,-0.167908,0.963669,-1.964404,1.227984,-1.37131,K01_EastWall_01,4.606934,3.569504
557.0701,-0.028671,0.002603,-0.030095,-0.20636,-0.163742,0.964661,-1.964404,1.234702,-1.371779,K01_EastWall_01,4.601883,3.570557
557.0814,-0.028688,0.002614,-0.030095,-0.201706,-0.161667,0.966003,-1.964404,1.236767,-1.364952,K01_EastWall_01,4.541687,3.618256
557.0925,-0.028688,0.002614,-0.030095,-0.201706,-0.161667,0.966003,-1.964404,1.233419,-1.36976,K01_EastWall_01,4.541687,3.618256
557.1035,-0.028695,0.002618,-0.030095,-0.198715,-0.157837,0.967255,-1.964404,1.239047,-1.366111,K01_EastWall_01,4.523697,3.619461
557.1146,-0.028717,0.002629,-0.030095,-0.19809,-0.153565,0.968079,-1.964404,1.246164,-1.367349,K01_EastWall_01,4.621826,3.620651
557.1257,-0.028749,0.002767,-0.03041,-0.198914,-0.154511,0.967743,-1.964404,1.241776,-1.373748,K01_EastWall_01,4.447296,3.612015
557.1369,-0.028749,0.002767,-0.03041,-0.198914,-0.154511,0.967743,-1.964404,1.240055,-1.377173,K01_EastWall_01,4.447296,3.612015
557.1479,-0.028832,0.002795,-0.030593,-0.180435,-0.162277,0.970093,-1.964404,1.22333,-1.336033,K01_EastWall_01,-1,3.600616
557.159,-0.028807,0.002663,-0.030484,-0.172043,-0.210815,0.96225,-1.851993,1.150571,-1.26994,K01_L19_21,4.424728,3.619965
557.17,-0.028807,0.002663,-0.030484,-0.172043,-0.210815,0.96225,-1.851181,1.15057,-1.270892,K01_L19_21,4.424728,3.619965
557.1813,-0.028871,0.002611,-0.030358,-0.161148,-0.211121,0.964081,-1.853817,1.150718,-1.247543,K01_L19_21,-1,3.566696
557.1924,-0.028891,0.002604,-0.030351,-0.163513,-0.20845,0.964264,-1.964404,1.12088,-1.313239,K01_EastWall_01,4.78334,3.555344
557.2035,-0.028891,0.002604,-0.030351,-0.163513,-0.20845,0.964264,-1.964404,1.120874,-1.313141,K01_EastWall_01,4.78334,3.555344
557.2145,-0.028901,0.002604,-0.030351,-0.163666,-0.209366,0.964035,-1.964404,1.119029,-1.313021,K01_EastWall_01,-1,3.555298
557.2258,-0.02892,0.00254,-0.030195,-0.160812,-0.208313,0.964737,-1.964404,1.121776,-1.304713,K01_EastWall_01,-1,3.555099
557.2368,-0.028918,0.002492,-0.03003,-0.157089,-0.207626,0.9655,-1.964404,1.123811,-1.29382,K01_EastWall_01,-1,3.553833
557.2479,-0.028918,0.002492,-0.03003,-0.157089,-0.207626,0.9655,-1.964404,1.124044,-1.292419,K01_EastWall_01,-1,3.553833
557.259,-0.028936,0.002517,-0.030071,-0.16124,-0.209229,0.964478,-1.867556,1.150621,-1.248148,K01_L19_21,-1,3.543091
557.2701,-0.028847,0.002724,-0.028294,-0.147034,-0.348053,0.925858,-1.724427,0.899019,-1.177642,K01_L19_21,-1,3.53273
557.2812,-0.028847,0.002724,-0.028294,-0.147034,-0.348053,0.925858,-1.72588,0.898487,-1.175826,K01_L19_21,-1,3.53273
557.2924,-0.028868,0.003031,-0.028977,-0.147354,-0.370438,0.917084,-1.649312,0.886198,-1.139153,K01_G01_05,4.698257,3.51207
557.3035,-0.028914,0.002623,-0.029651,-0.153809,-0.253281,0.955078,-1.737954,1.102539,-1.163977,K01_L19_21,4.707672,3.497421
557.3146,-0.028914,0.002623,-0.029651,-0.153809,-0.253281,0.955078,-1.739218,1.101161,-1.162383,K01_L19_21,4.707672,3.497421
557.3256,-0.028955,0.00258,-0.030276,-0.159164,-0.212067,0.964203,-1.839486,1.151045,-1.215324,K01_L19_21,4.127136,3.471008
557.3368,-0.028954,0.002603,-0.030382,-0.163498,-0.212448,0.963394,-1.831629,1.15107,-1.21924,K01_L19_21,-1,3.475296
557.3479,-0.028955,0.002545,-0.030094,-0.172638,-0.214722,0.961289,-1.806233,1.151197,-1.225544,K01_L19_21,-1,3.515762
557.3589,-0.028955,0.002545,-0.030094,-0.172638,-0.214722,0.961289,-1.800771,1.151268,-1.220661,K01_L19_21,-1,3.515762
557.37,-0.028962,0.002564,-0.030199,-0.166321,-0.213013,0.962784,-1.810196,1.151287,-1.209099,K01_L19_21,-1,3.504135
557.3812,-0.029031,0.002588,-0.030647,-0.136261,-0.260605,0.955765,-1.766001,1.069043,-1.128571,K01_L19_21,-1,3.264664
557.3923,-0.029031,0.002588,-0.030647,-0.136261,-0.260605,0.955765,-1.767179,1.067547,-1.127083,K01_L19_21,-1,3.264664
557.4033,-0.029028,0.002611,-0.030733,-0.152496,-0.248215,0.956619,-1.750263,1.097479,-1.148588,K01_L19_21,4.03096,3.476593
557.4158,-0.02903,0.002619,-0.030748,-0.149628,-0.255951,0.955032,-1.753569,1.080268,-1.144209,K01_L19_21,3.883881,3.473709
557.4257,-0.02903,0.002619,-0.030748,-0.149628,-0.255951,0.955032,-1.754733,1.079829,-1.142755,K01_L19_21,3.883881,3.473709
557.4366,-0.029037,0.002632,-0.030767,-0.150742,-0.252869,0.955673,-1.755134,1.085959,-1.142351,K01_L19_21,4.914017,3.435608
557.4479,-0.029037,0.002633,-0.030772,-0.151505,-0.252716,0.955597,-1.755221,1.086431,-1.142249,K01_L19_21,-1,3.435455
557.4589,-0.029037,0.002643,-0.030772,-0.154129,-0.25473,0.954636,-1.752842,1.083353,-1.145161,K01_L19_21,4.203568,3.435257
557.4701,-0.029037,0.002643,-0.030772,-0.154129,-0.25473,0.954636,-1.754008,1.083446,-1.143712,K01_L19_21,4.203568,3.435257
557.4813,-0.029037,0.002644,-0.030767,-0.152756,-0.255051,0.954773,-1.757043,1.082113,-1.139916,K01_L19_21,-1,3.45726
557.4922,-0.029036,0.002646,-0.030771,-0.152695,-0.251022,0.955856,-1.758788,1.090259,-1.137872,K01_L19_21,4.806152,3.474045
557.5033,-0.029036,0.002646,-0.030771,-0.152695,-0.251022,0.955856,-1.760147,1.089518,-1.13617,K01_L19_21,4.806152,3.474045
557.5145,-0.029035,0.002646,-0.030772,-0.153976,-0.249634,0.956009,-1.75992,1.091095,-1.136477,K01_L19_21,4.455841,3.468277
557.5256,-0.029035,0.002649,-0.030772,-0.154755,-0.246521,0.956696,-1.760646,1.096588,-1.135659,K01_L19_21,4.781296,3.468842
557.5366,-0.029035,0.002649,-0.030772,-0.154755,-0.246521,0.956696,-1.761974,1.09416,-1.133971,K01_L19_21,4.781296,3.468842
557.5477,-0.029034,0.002649,-0.030771,-0.15715,-0.245117,0.956665,-1.760221,1.095462,-1.13617,K01_L19_21,4.831421,3.479599
557.5589,-0.029031,0.002649,-0.030765,-0.158493,-0.245255,0.956406,-1.759727,1.09287,-1.136744,K01_L19_21,4.808731,3.508362
557.5699,-0.029028,0.002649,-0.030764,-0.158554,-0.245194,0.956406,-1.760862,1.090809,-1.135302,K01_L19_21,4.860809,3.500275
557.5811,-0.029028,0.002649,-0.030764,-0.158554,-0.245194,0.956406,-1.76185,1.088123,-1.13403,K01_L19_21,4.860809,3.500275
557.5923,-0.029024,0.002647,-0.030763,-0.157929,-0.242539,0.957184,-1.764168,1.091295,-1.131196,K01_L19_21,4.793945,3.523636
557.6032,-0.029019,0.002647,-0.03076,-0.160202,-0.241837,0.956986,-1.762425,1.091583,-1.13337,K01_L19_21,4.764572,3.523956
557.6144,-0.029019,0.002647,-0.03076,-0.160202,-0.241837,0.956986,-1.763337,1.08974,-1.132205,K01_L19_21,4.764572,3.523956
557.6255,-0.029005,0.002634,-0.030735,-0.158341,-0.24173,0.957336,-1.766443,1.087575,-1.128309,K01_L19_21,4.774643,3.509674
557.6367,-0.028995,0.002605,-0.030679,-0.159149,-0.2379,0.958145,-1.766707,1.09516,-1.128099,K01_L19_21,4.901489,3.549316
557.6478,-0.028995,0.002605,-0.030679,-0.159149,-0.2379,0.958145,-1.767396,1.093704,-1.127219,K01_L19_21,4.901489,3.549316
557.6589,-0.028982,0.002591,-0.030561,-0.16127,-0.241089,0.957001,-1.764651,1.086423,-1.13052,K01_L19_21,4.886887,3.579254
557.67,-0.028967,0.002571,-0.030508,-0.161697,-0.239624,0.957291,-1.764758,1.088194,-1.130415,K01_L19_21,4.687943,3.596451
557.681,-0.028957,0.002551,-0.0304,-0.160584,-0.236221,0.958328,-1.76714,1.093752,-1.127538,K01_L19_21,-1,3.61673
557.6921,-0.028957,0.002551,-0.0304,-0.160584,-0.236221,0.958328,-1.767348,1.093149,-1.127271,K01_L19_21,-1,3.61673
557.7033,-0.028951,0.00253,-0.030281,-0.160889,-0.233292,0.959,-1.767938,1.098716,-1.126623,K01_L19_21,-1,3.627396
557.7144,-0.028945,0.002522,-0.030257,-0.160812,-0.229172,0.959992,-1.769006,1.106747,-1.12542,K01_L19_21,-1,3.628754
557.7255,-0.028945,0.002522,-0.030257,-0.160812,-0.229172,0.959992,-1.769398,1.106317,-1.124924,K01_L19_21,-1,3.628754
557.7366,-0.02894,0.002522,-0.030225,-0.16008,-0.229996,0.95993,-1.770672,1.104319,-1.123309,K01_L19_21,-1,3.645813
557.7477,-0.028936,0.002522,-0.030215,-0.161682,-0.228622,0.959992,-1.769441,1.108927,-1.124911,K01_L19_21,-1,3.656601
557.7589,-0.028936,0.002522,-0.030215,-0.161682,-0.228622,0.959992,-1.770147,1.10975,-1.124047,K01_L19_21,-1,3.656601
557.77,-0.028933,0.002522,-0.030215,-0.161087,-0.228119,0.960205,-1.77149,1.111491,-1.122403,K01_L19_21,-1,3.650558
557.7809,-0.028933,0.002522,-0.030215,-0.161072,-0.226883,0.960495,-1.772229,1.115039,-1.121539,K01_L19_21,-1,3.650787
557.7921,-0.028931,0.002529,-0.030215,-0.160782,-0.226242,0.960693,-1.772859,1.116936,-1.120785,K01_L19_21,-1,3.656937
557.8033,-0.028931,0.002529,-0.030215,-0.160782,-0.226242,0.960693,-1.773206,1.117817,-1.120367,K01_L19_21,-1,3.656937
557.8144,-0.02893,0.002586,-0.03027,-0.161972,-0.232117,0.959091,-1.770755,1.106519,-1.12324,K01_L19_21,-1,3.648453
557.8254,-0.028923,0.002636,-0.030411,-0.161728,-0.235291,0.958359,-1.771126,1.100094,-1.122679,K01_L19_21,-1,3.654175
557.8365,-0.028923,0.002636,-0.030411,-0.161728,-0.235291,0.958359,-1.771614,1.100225,-1.122073,K01_L19_21,-1,3.654175
557.8477,-0.028921,0.002636,-0.030411,-0.162766,-0.234665,0.958344,-1.770687,1.101532,-1.123247,K01_L19_21,-1,3.667709
557.8587,-0.028919,0.002636,-0.030411,-0.164703,-0.23465,0.958008,-1.768354,1.101938,-1.126155,K01_L19_21,-1,3.667679
557.8699,-0.028915,0.002636,-0.030411,-0.163925,-0.234695,0.95813,-1.769228,1.10059,-1.125048,K01_L19_21,-1,3.644699
557.8809,-0.028915,0.002636,-0.030411,-0.163925,-0.234695,0.95813,-1.769117,1.099113,-1.125163,K01_L19_21,-1,3.644699
557.8922,-0.028912,0.002536,-0.030142,-0.166061,-0.229065,0.959137,-1.767442,1.109611,-1.127409,K01_L19_21,5.170349,3.647324
557.9031,-0.028911,0.00252,-0.030119,-0.166229,-0.226486,0.959717,-1.767788,1.113594,-1.127041,K01_L19_21,4.927139,3.637863
557.9143,-0.028911,0.00252,-0.030119,-0.166229,-0.226486,0.959717,-1.767951,1.112794,-1.126826,K01_L19_21,4.927139,3.637863
557.9254,-0.028903,0.002493,-0.030084,-0.16481,-0.224304,0.960465,-1.770168,1.115935,-1.124117,K01_L19_21,4.689484,3.612778
557.9366,-0.028891,0.00248,-0.03005,-0.163879,-0.223618,0.960785,-1.771422,1.115139,-1.122544,K01_L19_21,5.015533,3.567261
557.9476,-0.028891,0.00248,-0.03005,-0.163879,-0.223618,0.960785,-1.771639,1.112947,-1.12224,K01_L19_21,5.015533,3.567261
557.9587,-0.028889,0.00248,-0.03005,-0.166596,-0.219986,0.961166,-1.768822,1.11879,-1.125835,K01_L19_21,-1,3.559448
557.9699,-0.028888,0.00248,-0.03005,-0.167877,-0.220444,0.960831,-1.767005,1.116093,-1.128053,K01_L19_21,-1,3.553192
557.9811,-0.028886,0.00248,-0.03005,-0.168839,-0.216858,0.961487,-1.766356,1.121324,-1.128941,K01_L19_21,-1,3.550446
557.9921,-0.028886,0.00248,-0.03005,-0.168839,-0.216858,0.961487,-1.766363,1.119311,-1.128902,K01_L19_21,-1,3.550446
558.0031,-0.028886,0.002566,-0.030142,-0.1707,-0.227325,0.958725,-1.761577,1.094315,-1.134467,K01_L19_21,-1,3.514984
558.0142,-0.028885,0.002579,-0.030177,-0.172974,-0.227509,0.958283,-1.758203,1.091235,-1.138615,K01_L19_21,-1,3.502625
558.0254,-0.028885,0.002579,-0.030177,-0.172974,-0.227509,0.958283,-1.757987,1.088264,-1.138838,K01_L19_21,-1,3.502625
558.0364,-0.028885,0.002582,-0.030208,-0.17247,-0.225754,0.958786,-1.758888,1.089401,-1.137734,K01_L19_21,-1,3.467346
558.0475,-0.028878,0.002586,-0.030236,-0.17131,-0.222229,0.959808,-1.761077,1.09472,-1.135094,K01_L19_21,-1,3.46698
558.0587,-0.028878,0.002586,-0.030236,-0.17131,-0.222229,0.959808,-1.760896,1.093981,-1.135309,K01_L19_21,-1,3.46698
558.0699,-0.028875,0.002604,-0.030248,-0.170822,-0.221024,0.96019,-1.761727,1.096081,-1.134307,K01_L19_21,-1,3.440506
558.0809,-0.028875,0.002611,-0.030248,-0.17244,-0.214813,0.961304,-1.760939,1.109383,-1.135494,K01_L19_21,-1,3.398132
558.0921,-0.028875,0.002629,-0.030248,-0.173676,-0.217575,0.960449,-1.75884,1.10345,-1.138013,K01_L19_21,-1,3.397629
558.103,-0.028875,0.002629,-0.030248,-0.173676,-0.217575,0.960449,-1.758648,1.103588,-1.138253,K01_L19_21,-1,3.397629
558.1142,-0.028875,0.00268,-0.030391,-0.175156,-0.209869,0.961899,-1.758361,1.11911,-1.138852,K01_L19_21,-1,3.368805
558.1252,-0.028876,0.002731,-0.030535,-0.174728,-0.211472,0.961624,-1.758393,1.114904,-1.138747,K01_L19_21,-1,3.357025
558.1364,-0.028876,0.002731,-0.030535,-0.174728,-0.211472,0.961624,-1.758606,1.114186,-1.138471,K01_L19_21,-1,3.357025
558.1475,-0.028877,0.002746,-0.030571,-0.174667,-0.210083,0.961945,-1.759193,1.116505,-1.137777,K01_L19_21,5.061401,3.336945
558.1586,-0.028879,0.002746,-0.030571,-0.174179,-0.207916,0.962509,-1.760381,1.11911,-1.13634,K01_L19_21,4.900574,3.356888
558.1697,-0.02888,0.00275,-0.030574,-0.175263,-0.205032,0.962921,-1.759767,1.123729,-1.137174,K01_L19_21,4.889023,3.357681
558.1808,-0.02888,0.00275,-0.030574,-0.175263,-0.205032,0.962921,-1.759686,1.122628,-1.137258,K01_L19_21,4.889023,3.357681
558.192,-0.02888,0.00275,-0.030574,-0.174408,-0.203476,0.963409,-1.7613,1.124114,-1.135273,K01_L19_21,4.882217,3.338486
558.203,-0.02888,0.00275,-0.030573,-0.174377,-0.202957,0.963532,-1.761588,1.123315,-1.134904,K01_L19_21,-1,3.332825
558.2141,-0.02888,0.00275,-0.030573,-0.174377,-0.202957,0.963532,-1.761476,1.121555,-1.135015,K01_L19_21,-1,3.332825
558.2252,-0.028879,0.00275,-0.030571,-0.173981,-0.201218,0.963959,-1.762244,1.123358,-1.134087,K01_L19_21,-1,3.300583
558.2363,-0.028879,0.002749,-0.030571,-0.173431,-0.200073,0.964294,-1.763206,1.124146,-1.132904,K01_L19_21,-1,3.298706
558.2474,-0.028879,0.002749,-0.030571,-0.173431,-0.200073,0.964294,-1.763121,1.122581,-1.132986,K01_L19_21,-1,3.298706
558.2585,-0.028875,0.00275,-0.030564,-0.173233,-0.196411,0.965088,-1.763717,1.12906,-1.132344,K01_L19_21,-1,3.299713
558.2697,-0.02887,0.00275,-0.030564,-0.172913,-0.195435,0.965347,-1.764239,1.129983,-1.131709,K01_L19_21,-1,3.265991
558.2808,-0.028868,0.002771,-0.030564,-0.173309,-0.199371,0.964462,-1.762492,1.120814,-1.133739,K01_L19_21,4.466705,3.265106
558.292,-0.028868,0.002771,-0.030564,-0.173309,-0.199371,0.964462,-1.762257,1.120198,-1.134022,K01_L19_21,4.466705,3.265106
558.3031,-0.028867,0.002778,-0.030563,-0.173218,-0.197159,0.964935,-1.762218,1.124373,-1.134136,K01_L19_21,-1,3.259109
558.3143,-0.028867,0.00279,-0.030563,-0.174637,-0.196182,0.964874,-1.760095,1.126592,-1.136811,K01_L19_21,4.192429,3.259399
558.3253,-0.028867,0.00279,-0.030563,-0.174637,-0.196182,0.964874,-1.759356,1.126264,-1.137726,K01_L19_21,4.192429,3.259399
558.3362,-0.028867,0.002793,-0.030563,-0.175552,-0.196487,0.964645,-1.757182,1.1256,-1.14042,K01_L19_21,4.304413,3.265732
558.3475,-0.028867,0.002799,-0.030562,-0.177689,-0.195206,0.964523,-1.754032,1.128342,-1.144379,K01_L19_21,4.577011,3.251694
558.3585,-0.028867,0.002799,-0.030562,-0.177689,-0.195206,0.964523,-1.75278,1.128397,-1.145938,K01_L19_21,4.577011,3.251694
558.3697,-0.028867,0.002806,-0.030563,-0.178055,-0.194046,0.964691,-1.751401,1.13026,-1.147682,K01_L19_21,-1,3.252136
558.3807,-0.028867,0.002809,-0.030563,-0.178146,-0.189713,0.96553,-1.750482,1.138858,-1.148959,K01_L19_21,-1,3.252945
558.3918,-0.028868,0.002812,-0.030569,-0.17836,-0.189255,0.965576,-1.748636,1.13987,-1.151271,K01_L19_21,-1,3.259583
558.403,-0.028868,0.002812,-0.030569,-0.17836,-0.189255,0.965576,-1.746932,1.139723,-1.153388,K01_L19_21,-1,3.259583
558.4142,-0.028871,0.002817,-0.030579,-0.17833,-0.187256,0.965973,-1.745516,1.143303,-1.155204,K01_L19_21,-1,3.20282
558.4254,-0.028874,0.002824,-0.03058,-0.176773,-0.18869,0.965988,-1.745202,1.139675,-1.155538,K01_L19_21,4.697968,3.234528
558.4362,-0.028874,0.002824,-0.03058,-0.176773,-0.18869,0.965988,-1.742747,1.139123,-1.158584,K01_L19_21,4.697968,3.234528
558.4474,-0.028877,0.002825,-0.030584,-0.172485,-0.188294,0.966843,-1.746186,1.138126,-1.154291,K01_L19_21,-1,3.234283
558.4585,-0.028882,0.002825,-0.030584,-0.17337,-0.187164,0.966904,-1.742543,1.139796,-1.158848,K01_L19_21,-1,3.231369
558.4695,-0.028888,0.002825,-0.030582,-0.171646,-0.185455,0.967529,-1.74233,1.14163,-1.159141,K01_L19_21,-1,3.235184
558.4807,-0.028888,0.002825,-0.030582,-0.171646,-0.185455,0.967529,-1.739637,1.139524,-1.162459,K01_L19_21,-1,3.235184
558.4918,-0.028889,0.002825,-0.030582,-0.169998,-0.185181,0.96788,-1.739042,1.137376,-1.163165,K01_L19_21,-1,3.235168
558.5029,-0.028904,0.002824,-0.030579,-0.169388,-0.184219,0.96817,-1.736831,1.137242,-1.165913,K01_L19_21,-1,3.235992
558.5139,-0.028904,0.002824,-0.030579,-0.169388,-0.184219,0.96817,-1.73384,1.136438,-1.169621,K01_L19_21,-1,3.235992
558.5252,-0.028911,0.002821,-0.030576,-0.167175,-0.18277,0.968826,-1.733883,1.13861,-1.169601,K01_L19_21,4.630432,3.24173
558.5362,-0.028923,0.002817,-0.030567,-0.165787,-0.179993,0.969589,-1.733415,1.144781,-1.170279,K01_L19_21,4.549728,3.264572
558.5473,-0.028923,0.002817,-0.030567,-0.165787,-0.179993,0.969589,-1.73056,1.145488,-1.173841,K01_L19_21,4.549728,3.264572
558.5585,-0.028934,0.002806,-0.030478,-0.162186,-0.17955,0.970276,-1.732368,1.146748,-1.171612,K01_L19_21,4.645599,3.292755
558.5697,-0.028961,0.002806,-0.03047,-0.164612,-0.17746,0.970261,-1.730726,1.152022,-1.181324,K01_L19_21,4.495087,3.293945
558.5807,-0.028961,0.002806,-0.03047,-0.164612,-0.17746,0.970261,-1.730138,1.151989,-1.186603,K01_L19_21,4.495087,3.293945
558.592,-0.028978,0.002806,-0.03047,-0.163986,-0.172424,0.971268,-1.765209,1.151579,-1.210864,K01_L19_21,4.231079,3.298981
558.603,-0.028994,0.002806,-0.03047,-0.162308,-0.169235,0.972107,-1.78787,1.151322,-1.225424,K01_L19_21,-1,3.303314
558.614,-0.029011,0.002821,-0.03047,-0.15889,-0.171982,0.972199,-1.772328,1.1515,-1.215112,K01_L19_21,4.490005,3.307053
558.6251,-0.029011,0.002821,-0.03047,-0.15889,-0.171982,0.972199,-1.773053,1.151445,-1.222199,K01_L19_21,4.490005,3.307053
558.6362,-0.029032,0.002844,-0.030491,-0.158722,-0.175598,0.971573,-1.74904,1.151664,-1.21431,K01_L19_21,4.385498,3.313858
558.6474,-0.029039,0.002844,-0.030491,-0.157242,-0.175583,0.971817,-1.748236,1.151651,-1.216771,K01_L19_21,4.387863,3.317673
558.6583,-0.029039,0.002844,-0.030491,-0.157242,-0.175583,0.971817,-1.745231,1.15164,-1.221215,K01_L19_21,4.387863,3.317673
558.6695,-0.029057,0.002844,-0.030501,-0.155899,-0.175324,0.972076,-1.745107,1.151618,-1.224422,K01_L19_21,4.513824,3.31395
558.6807,-0.029072,0.002844,-0.030501,-0.151352,-0.175324,0.972794,-1.744752,1.151652,-1.220028,K01_L19_21,4.518936,3.338791
558.6918,-0.029072,0.002844,-0.030501,-0.151352,-0.175324,0.972794,-1.741757,1.151646,-1.223744,K01_L19_21,4.518936,3.338791
558.7029,-0.029086,0.002844,-0.030501,-0.143509,-0.178879,0.973343,-1.721406,1.15195,-1.200336,K01_L19_21,4.481506,3.317474
558.7141,-0.029102,0.002818,-0.030488,-0.143936,-0.174576,0.97406,-1.74419,1.151658,-1.219692,K01_L19_21,4.472153,3.315002
558.7252,-0.029114,0.002803,-0.030442,-0.136826,-0.17804,0.974457,-1.723565,1.151956,-1.197485,K01_L19_21,4.441956,3.319351
558.7361,-0.029114,0.002803,-0.030442,-0.136826,-0.17804,0.974457,-1.720439,1.15195,-1.201185,K01_L19_21,4.441956,3.319351
558.7474,-0.029126,0.002803,-0.030442,-0.130859,-0.178925,0.975113,-1.716631,1.151203,-1.191256,K01_L19_21,-1,3.318954
558.7584,-0.029148,0.002803,-0.030442,-0.129334,-0.178955,0.975311,-1.715727,1.151347,-1.192382,K01_L19_21,4.542206,3.315002
558.7694,-0.029148,0.002803,-0.030442,-0.129334,-0.178955,0.975311,-1.712711,1.151572,-1.196137,K01_L19_21,4.542206,3.315002
558.7806,-0.029174,0.002803,-0.030488,-0.126221,-0.177246,0.976028,-1.722435,1.151946,-1.199939,K01_L19_21,3.753693,3.314529
558.7917,-0.029197,0.002809,-0.030519,-0.11821,-0.179108,0.976685,-1.720335,1.149815,-1.186627,K01_L19_21,-1,3.317413
558.8028,-0.029197,0.002809,-0.030519,-0.11821,-0.179108,0.976685,-1.717458,1.149814,-1.190206,K01_L19_21,-1,3.317413
558.8141,-0.029215,0.00287,-0.03076,-0.115021,-0.177612,0.977341,-1.718586,1.151829,-1.188834,K01_L19_21,-1,3.311218
558.8252,-0.029238,0.00288,-0.030784,-0.11824,-0.177963,0.976898,-1.711746,1.151193,-1.197331,K01_L19_21,-1,3.300552
558.8362,-0.029245,0.00288,-0.030784,-0.113876,-0.175903,0.977783,-1.717181,1.152011,-1.195721,K01_L19_21,4.101242,3.311661
558.8473,-0.029245,0.00288,-0.030784,-0.113876,-0.175903,0.977783,-1.711578,1.151397,-1.197544,K01_L19_21,4.101242,3.311661
558.8583,-0.029256,0.00288,-0.030784,-0.112335,-0.175674,0.978012,-1.710642,1.150367,-1.198692,K01_L19_21,4.068695,3.30159
558.8694,-0.029264,0.00288,-0.030784,-0.104324,-0.174637,0.97908,-1.717909,1.14929,-1.189637,K01_L19_21,4.082535,3.31221
558.8805,-0.029264,0.00288,-0.030784,-0.104324,-0.174637,0.97908,-1.715893,1.148454,-1.19213,K01_L19_21,4.082535,3.31221
558.8917,-0.029323,0.002872,-0.030678,-0.093994,-0.167938,0.981293,-1.746839,1.151863,-1.18843,K01_L19_21,-1,3.249313
558.9027,-0.02934,0.002886,-0.030682,-0.088669,-0.164658,0.982346,-1.765289,1.151745,-1.187458,K01_L19_21,4.2061,3.311676
558.9139,-0.02934,0.002886,-0.030682,-0.088669,-0.164658,0.982346,-1.761645,1.151775,-1.186707,K01_L19_21,4.2061,3.311676
558.9249,-0.029261,0.002835,-0.030856,-0.117203,-0.194168,0.973938,-1.819949,1.061859,-1.291484,K01_L19_21,-1,3.35994
558.9362,-0.02926,0.002827,-0.030847,-0.103714,-0.20108,0.97406,-1.709692,1.093969,-1.198997,K01_L19_21,-1,3.369705
558.9471,-0.029264,0.002827,-0.030811,-0.103973,-0.195816,0.975098,-1.709779,1.105942,-1.199076,K01_L19_21,-1,3.265137
558.9584,-0.029264,0.002827,-0.030811,-0.103973,-0.195816,0.975098,-1.709269,1.106918,-1.199724,K01_L19_21,-1,3.265137
558.9695,-0.029264,0.002824,-0.030814,-0.102325,-0.194946,0.975449,-1.710879,1.109001,-1.197754,K01_L19_21,-1,3.265793
558.9805,-0.029265,0.002823,-0.030818,-0.100678,-0.191879,0.976227,-1.712578,1.114748,-1.19573,K01_L19_21,-1,3.299896
558.9916,-0.029265,0.002823,-0.030818,-0.100678,-0.191879,0.976227,-1.711829,1.114266,-1.196655,K01_L19_21,-1,3.299896
559.0027,-0.029265,0.002821,-0.03082,-0.100082,-0.191208,0.976425,-1.71163,1.115925,-1.196927,K01_L19_21,-1,3.324997
559.0139,-0.029266,0.002823,-0.030822,-0.100082,-0.191696,0.976334,-1.710624,1.115337,-1.198169,K01_L19_21,3.730499,3.275208
559.0249,-0.029266,0.002823,-0.030832,-0.100021,-0.196121,0.975449,-1.708986,1.10741,-1.200084,K01_L19_21,-1,3.273865
559.0361,-0.029266,0.002823,-0.030832,-0.100021,-0.196121,0.975449,-1.708311,1.107715,-1.201807,K01_L19_21,-1,3.273865
559.0471,-0.029267,0.002823,-0.030832,-0.098618,-0.196152,0.975586,-1.707995,1.107985,-1.201325,K01_L19_21,4.443115,3.273956
559.0584,-0.029271,0.002821,-0.030832,-0.099457,-0.191498,0.976425,-1.722182,1.11158,-1.212965,K01_L19_21,-1,3.275146
559.0695,-0.029271,0.002821,-0.030832,-0.099457,-0.191498,0.976425,-1.735523,1.105999,-1.223681,K01_L19_21,-1,3.275146
559.0805,-0.029275,0.002819,-0.030832,-0.099289,-0.195419,0.975678,-1.749221,1.09265,-1.234672,K01_L19_21,4.268082,3.274002
559.0916,-0.029277,0.002817,-0.030832,-0.096725,-0.194962,0.976013,-1.741428,1.097886,-1.228416,K01_L19_21,4.255402,3.276016
559.1027,-0.029277,0.002817,-0.030832,-0.096725,-0.194962,0.976013,-1.756614,1.09257,-1.240616,K01_L19_21,4.255402,3.276016
559.1139,-0.029285,0.002812,-0.030825,-0.098267,-0.19426,0.975998,-1.784191,1.082829,-1.262771,K01_L19_21,4.186646,3.274673
559.125,-0.02936,0.00279,-0.030729,-0.099747,-0.195801,0.97554,-1.813914,1.067062,-1.286641,K01_L19_21,-1,3.301025
559.1362,-0.029381,0.00278,-0.030735,-0.095398,-0.202377,0.97464,-1.793528,1.06167,-1.270242,K01_L19_21,-1,3.242569
559.1471,-0.029381,0.00278,-0.030735,-0.095398,-0.202377,0.97464,-1.808438,1.054091,-1.282217,K01_L19_21,-1,3.242569
559.1583,-0.029387,0.002786,-0.030762,-0.094498,-0.198761,0.975479,-1.815055,1.057477,-1.287543,K01_L19_21,-1,3.281906
559.1693,-0.029398,0.002794,-0.030795,-0.093887,-0.198364,0.975617,-1.825232,1.052674,-1.295716,K01_L19_21,-1,3.295273
559.1804,-0.029398,0.002794,-0.030795,-0.093887,-0.198364,0.975617,-1.964404,0.994622,-1.376281,K01_EastWall_01,-1,3.295273
559.1917,-0.02941,0.002794,-0.030801,-0.095078,-0.199295,0.975311,-1.964404,0.989397,-1.383846,K01_EastWall_01,-1,3.287643
559.2027,-0.029421,0.002791,-0.030801,-0.096085,-0.200348,0.974991,-1.964404,0.983924,-1.39162,K01_EastWall_01,-1,3.283722
559.2138,-0.029421,0.002791,-0.030801,-0.096085,-0.200348,0.974991,-1.964404,0.981281,-1.396456,K01_EastWall_01,-1,3.283722
559.2248,-0.02943,0.002789,-0.030796,-0.093475,-0.198074,0.975708,-1.964404,0.98423,-1.394971,K01_EastWall_01,-1,3.284409
559.236,-0.029438,0.002791,-0.030801,-0.088287,-0.195374,0.97673,-1.964404,0.989106,-1.387096,K01_EastWall_01,4.580795,3.285385
559.2471,-0.029446,0.002794,-0.030802,-0.086288,-0.194489,0.977097,-1.964404,0.987935,-1.387443,K01_EastWall_01,-1,3.288101
559.2582,-0.029446,0.002794,-0.030802,-0.086288,-0.194489,0.977097,-1.964404,0.984759,-1.393093,K01_EastWall_01,-1,3.288101
559.2693,-0.029456,0.002794,-0.030807,-0.084824,-0.193863,0.977341,-1.964404,0.983069,-1.39491,K01_EastWall_01,4.285736,3.30014
559.2803,-0.029524,0.002869,-0.030964,-0.078827,-0.179245,0.980637,-1.964404,1.014824,-1.383846,K01_EastWall_01,4.537506,3.284149
559.2914,-0.029524,0.002869,-0.030964,-0.078827,-0.179245,0.980637,-1.964404,1.011183,-1.389149,K01_EastWall_01,4.537506,3.284149
559.3026,-0.029534,0.002873,-0.030944,-0.076721,-0.183548,0.979996,-1.964404,0.997781,-1.389962,K01_EastWall_01,-1,3.262909
559.3139,-0.029543,0.002888,-0.030976,-0.075119,-0.182877,0.980255,-1.964404,0.995696,-1.391257,K01_EastWall_01,4.419983,3.262482
559.3248,-0.029543,0.002888,-0.030976,-0.075119,-0.182877,0.980255,-1.964404,0.991374,-1.395481,K01_EastWall_01,4.419983,3.262482
559.3369,-0.029552,0.002903,-0.031009,-0.074966,-0.18309,0.980225,-1.964404,0.987014,-1.399255,K01_EastWall_01,-1,3.253738
559.347,-0.029562,0.002921,-0.031046,-0.072479,-0.182388,0.980545,-1.964404,0.984855,-1.397342,K01_EastWall_01,4.007782,3.247513
559.3582,-0.029626,0.003032,-0.031326,-0.06311,-0.178909,0.981827,-1.964404,0.991268,-1.378865,K01_EastWall_01,-1,3.199112
559.3694,-0.029626,0.003032,-0.031326,-0.06311,-0.178909,0.981827,-1.964404,0.987465,-1.383397,K01_EastWall_01,-1,3.199112
559.3804,-0.029703,0.003035,-0.031518,-0.029785,-0.190491,0.981232,-1.964404,0.965422,-1.31119,K01_EastWall_01,4.471817,3.251572
559.3914,-0.029708,0.003036,-0.031548,-0.041687,-0.194214,0.980072,-1.964404,0.950068,-1.343837,K01_EastWall_01,-1,3.248947
559.4026,-0.029708,0.003036,-0.031548,-0.041687,-0.194214,0.980072,-1.964404,0.946353,-1.347828,K01_EastWall_01,-1,3.248947
559.4137,-0.02971,0.003049,-0.031581,-0.044571,-0.195099,0.979767,-1.964404,0.939672,-1.358697,K01_EastWall_01,4.329117,3.23143
559.4247,-0.029713,0.003059,-0.031583,-0.042496,-0.191986,0.980469,-1.964404,0.943021,-1.357929,K01_EastWall_01,-1,3.225082
559.4359,-0.029713,0.003059,-0.031583,-0.042496,-0.191986,0.980469,-1.964404,0.938093,-1.361924,K01_EastWall_01,-1,3.225082
559.447,-0.029718,0.003059,-0.031581,-0.039474,-0.190231,0.980942,-1.964404,0.937475,-1.358282,K01_EastWall_01,4.320724,3.225937
559.4581,-0.029721,0.003061,-0.031574,-0.040009,-0.188767,0.981201,-1.964404,0.93567,-1.363759,K01_EastWall_01,4.556808,3.229919
559.4692,-0.029726,0.003063,-0.031573,-0.039902,-0.18689,0.981567,-1.964404,0.934808,-1.367624,K01_EastWall_01,4.455017,3.211121
559.4802,-0.029726,0.003063,-0.031573,-0.039902,-0.18689,0.981567,-1.964404,0.930355,-1.371928,K01_EastWall_01,4.455017,3.211121
559.4914,-0.029751,0.003127,-0.031628,-0.030029,-0.186066,0.982071,-1.964404,0.929984,-1.352971,K01_EastWall_01,4.270233,3.166489
559.5024,-0.029759,0.003118,-0.031478,-0.029495,-0.181107,0.983017,-1.964404,0.935671,-1.355378,K01_EastWall_01,-1,3.101379
559.5136,-0.029759,0.003118,-0.031478,-0.029495,-0.181107,0.983017,-1.964404,0.929736,-1.359837,K01_EastWall_01,-1,3.101379
559.5247,-0.029768,0.003143,-0.031491,-0.02504,-0.18219,0.982941,-1.964404,0.923077,-1.353021,K01_EastWall_01,4.450607,3.073273
559.5358,-0.02977,0.003143,-0.031491,-0.02565,-0.175797,0.984085,-1.964404,0.93419,-1.357542,K01_EastWall_01,-1,3.085709
559.547,-0.029777,0.003145,-0.031503,-0.027283,-0.166641,0.985626,-1.964404,0.953588,-1.363319,K01_EastWall_01,-1,3.122345
559.5582,-0.029777,0.003145,-0.031503,-0.027283,-0.166641,0.985626,-1.964404,0.953723,-1.367,K01_EastWall_01,-1,3.122345
559.5692,-0.029794,0.003238,-0.031651,-0.022537,-0.156433,0.987427,-1.964404,0.978566,-1.358315,K01_EastWall_01,-1,3.118042
559.5803,-0.029795,0.003233,-0.031554,-0.017319,-0.156677,0.987488,-1.964404,0.979753,-1.350186,K01_EastWall_01,-1,3.083801
559.5914,-0.029795,0.003233,-0.031554,-0.017319,-0.156677,0.987488,-1.964404,0.979429,-1.353787,K01_EastWall_01,-1,3.083801
559.6025,-0.029801,0.00322,-0.031437,-0.013489,-0.162613,0.986588,-1.964404,0.966159,-1.349832,K01_EastWall_01,-1,3.08017
559.6136,-0.029807,0.003219,-0.031435,-0.014282,-0.160584,0.986908,-1.964404,0.969737,-1.355619,K01_EastWall_01,-1,3.080643
559.6246,-0.029814,0.003217,-0.031429,-0.013428,-0.158615,0.987244,-1.964404,0.973747,-1.357222,K01_EastWall_01,-1,3.115402
559.6359,-0.029814,0.003217,-0.031429,-0.013428,-0.158615,0.987244,-1.964404,0.972888,-1.360859,K01_EastWall_01,-1,3.115402
559.647,-0.02982,0.003212,-0.031411,-0.011673,-0.157669,0.987412,-1.964404,0.973669,-1.360754,K01_EastWall_01,-1,3.079468
559.658,-0.029824,0.003204,-0.031381,-0.009476,-0.156616,0.98761,-1.964404,0.975534,-1.360086,K01_EastWall_01,-1,3.080582
559.6692,-0.029824,0.003204,-0.031381,-0.009476,-0.156616,0.98761,-1.964404,0.974599,-1.363994,K01_EastWall_01,-1,3.080582
559.6802,-0.029831,0.003197,-0.03135,-0.00737,-0.15683,0.987595,-1.964404,0.974207,-1.363246,K01_EastWall_01,-1,3.094574
559.6913,-0.02984,0.003189,-0.031317,-0.005997,-0.156906,0.987579,-1.964404,0.973348,-1.364251,K01_EastWall_01,-1,3.10701
559.7024,-0.029909,0.003145,-0.031114,0.006485,-0.158859,0.987274,-1.964404,0.970786,-1.340498,K01_EastWall_01,-1,3.09584
559.7136,-0.029909,0.003145,-0.031114,0.006485,-0.158859,0.987274,-1.964404,0.96886,-1.344672,K01_EastWall_01,-1,3.09584
559.7246,-0.029917,0.003137,-0.031133,0.014725,-0.162857,0.986527,-1.964404,0.959736,-1.331731,K01_EastWall_01,-1,3.038895
559.7359,-0.029926,0.00312,-0.031134,0.016907,-0.15506,0.987747,-1.964404,0.97543,-1.33054,K01_EastWall_01,-1,3.155182
559.7471,-0.029926,0.00312,-0.031134,0.016907,-0.15506,0.987747,-1.964404,0.97413,-1.335258,K01_EastWall_01,-1,3.155182
559.758,-0.029932,0.003123,-0.031158,0.017975,-0.154572,0.987808,-1.964404,0.973747,-1.337396,K01_EastWall_01,-1,3.13739
559.769,-0.029942,0.003129,-0.031188,0.021118,-0.153626,0.9879,-1.964404,0.975405,-1.335616,K01_EastWall_01,-1,3.148605
559.7802,-0.029942,0.003129,-0.031188,0.021118,-0.153626,0.9879,-1.964404,0.974285,-1.340353,K01_EastWall_01,-1,3.148605
559.7913,-0.029991,0.003185,-0.03135,0.019669,-0.155747,0.987595,-1.964404,0.968315,-1.348598,K01_EastWall_01,-1,3.152603
559.8024,-0.029986,0.003101,-0.03103,0.027756,-0.154526,0.987595,-1.964404,0.971464,-1.335594,K01_EastWall_01,-1,3.243011
559.8135,-0.029998,0.003094,-0.031002,0.030624,-0.154434,0.987518,-1.964404,0.971258,-1.333879,K01_EastWall_01,-1,3.230545
559.8246,-0.029998,0.003094,-0.031002,0.030624,-0.154434,0.987518,-1.964404,0.971034,-1.338378,K01_EastWall_01,-1,3.230545
559.8357,-0.030007,0.003101,-0.031027,0.032166,-0.153351,0.98764,-1.964404,0.973737,-1.339096,K01_EastWall_01,-1,3.244446
559.8467,-0.03002,0.003109,-0.031027,0.031891,-0.152817,0.987732,-1.964404,0.97448,-1.344409,K01_EastWall_01,-1,3.244354
559.8578,-0.03002,0.003109,-0.031027,0.031891,-0.152817,0.987732,-1.964404,0.974544,-1.348554,K01_EastWall_01,-1,3.244354
559.869,-0.030033,0.00312,-0.03103,0.033188,-0.15419,0.987473,-1.964404,0.971914,-1.349736,K01_EastWall_01,-1,3.244507
559.8802,-0.030037,0.003124,-0.031033,0.034851,-0.154236,0.987412,-1.964404,0.971524,-1.349603,K01_EastWall_01,-1,3.247482
559.8912,-0.030037,0.003124,-0.031033,0.034851,-0.154236,0.987412,-1.964404,0.970659,-1.352694,K01_EastWall_01,-1,3.247482
559.9024,-0.030048,0.003141,-0.031074,0.032883,-0.155655,0.987259,-1.964404,0.96564,-1.359632,K01_EastWall_01,-1,3.24588
559.9134,-0.030136,0.003257,-0.031515,0.054779,-0.159882,0.985611,-1.964404,0.958839,-1.316243,K01_EastWall_01,-1,3.196182
559.9246,-0.030142,0.003255,-0.031505,0.051239,-0.152451,0.986969,-1.964404,0.972357,-1.325213,K01_EastWall_01,3.493347,3.265945
559.9356,-0.030142,0.003255,-0.031505,0.051239,-0.152451,0.986969,-1.964404,0.970196,-1.327801,K01_EastWall_01,3.493347,3.265945
559.9469,-0.030242,0.00312,-0.031168,0.086502,-0.161224,0.983109,-1.964404,0.954539,-1.257067,K01_EastWall_01,-1,3.402603
559.9578,-0.030335,0.003098,-0.031173,0.097137,-0.167252,0.98111,-1.964404,0.940577,-1.238057,K01_EastWall_01,-1,3.396362
559.969,-0.030335,0.003098,-0.031173,0.097137,-0.167252,0.98111,-1.964404,0.937814,-1.240634,K01_EastWall_01,-1,3.396362
559.9801,-0.030353,0.003201,-0.031559,0.095627,-0.161697,0.982193,-1.964404,0.946343,-1.245361,K01_EastWall_01,3.500961,3.394394
559.9912,-0.030359,0.003197,-0.031546,0.094315,-0.157669,0.982971,-1.964404,0.951837,-1.250181,K01_EastWall_01,-1,3.41008
560.0024,-0.030359,0.003197,-0.031546,0.094315,-0.157669,0.982971,-1.964404,0.948802,-1.25202,K01_EastWall_01,-1,3.41008
560.0134,-0.030362,0.003193,-0.031538,0.091736,-0.156143,0.98346,-1.964404,0.94856,-1.258751,K01_EastWall_01,3.689316,3.404358
560.0245,-0.030367,0.003185,-0.031483,0.094757,-0.157364,0.982971,-1.964404,0.943886,-1.254688,K01_EastWall_01,3.771149,3.406296
560.0356,-0.030375,0.003186,-0.031469,0.097672,-0.158157,0.982559,-1.964404,0.940408,-1.250269,K01_EastWall_01,-1,3.425598
560.0467,-0.030375,0.003186,-0.031469,0.097672,-0.158157,0.982559,-1.964404,0.938304,-1.25174,K01_EastWall_01,-1,3.425598
560.0579,-0.030377,0.003188,-0.031469,0.101364,-0.158203,0.982178,-1.964404,0.93765,-1.24525,K01_EastWall_01,3.694214,3.433426
560.0689,-0.030383,0.003193,-0.031483,0.100235,-0.156952,0.982498,-1.964404,0.938636,-1.248693,K01_EastWall_01,3.705551,3.43335
560.08,-0.030383,0.003193,-0.031483,0.100235,-0.156952,0.982498,-1.964404,0.937497,-1.248968,K01_EastWall_01,3.705551,3.43335
560.0912,-0.030386,0.003201,-0.031506,0.100998,-0.157318,0.982361,-1.964404,0.935892,-1.248408,K01_EastWall_01,-1,3.418732
560.1023,-0.030392,0.003203,-0.031506,0.102539,-0.152847,0.98291,-1.964404,0.94492,-1.245536,K01_EastWall_01,2.22554,3.434341
560.1133,-0.030392,0.003203,-0.031506,0.102539,-0.152847,0.98291,-1.964404,0.944475,-1.246226,K01_EastWall_01,2.22554,3.434341
560.1245,-0.030402,0.003233,-0.031537,0.103027,-0.152618,0.982895,-1.964404,0.944947,-1.246202,K01_EastWall_01,2.350937,3.440872
560.1356,-0.030408,0.003261,-0.031603,0.105072,-0.152741,0.982651,-1.964404,0.945577,-1.242709,K01_EastWall_01,2.298721,3.439865
560.1468,-0.030416,0.003292,-0.031689,0.105789,-0.151825,0.982727,-1.964404,0.948478,-1.241494,K01_EastWall_01,4.029266,3.43811
560.1578,-0.030416,0.003292,-0.031689,0.105789,-0.151825,0.982727,-1.964404,0.950962,-1.241935,K01_EastWall_01,4.029266,3.43811
560.1691,-0.030416,0.003292,-0.031689,0.105911,-0.150711,0.98288,-1.964404,0.955691,-1.24234,K01_EastWall_01,-1,3.437347
560.18,-0.030416,0.003292,-0.031689,0.106293,-0.147385,0.983337,-1.964404,0.965337,-1.241809,K01_EastWall_01,4.372147,3.438507
560.1911,-0.030416,0.003292,-0.031689,0.106293,-0.147385,0.983337,-1.964404,0.967311,-1.242646,K01_EastWall_01,4.372147,3.438507
560.2022,-0.030416,0.003292,-0.031689,0.106583,-0.146545,0.983429,-1.964404,0.969968,-1.243606,K01_EastWall_01,4.20015,3.426346
560.2134,-0.030416,0.003292,-0.031689,0.10704,-0.146484,0.983398,-1.964404,0.970948,-1.243952,K01_EastWall_01,-1,3.426208
560.2244,-0.030416,0.003292,-0.031689,0.10704,-0.146484,0.983398,-1.964404,0.971936,-1.246098,K01_EastWall_01,-1,3.426208
560.2357,-0.030412,0.003252,-0.031393,0.110123,-0.154404,0.981842,-1.964404,0.957669,-1.243642,K01_EastWall_01,-1,3.429688
560.2468,-0.03041,0.003231,-0.031363,0.109558,-0.15271,0.982163,-1.964404,0.961796,-1.246912,K01_EastWall_01,3.834824,3.428635
560.2578,-0.030405,0.003218,-0.031308,0.110474,-0.154678,0.981766,-1.964404,0.959052,-1.248582,K01_EastWall_01,3.833511,3.431732
560.2689,-0.030405,0.003218,-0.031308,0.110474,-0.154678,0.981766,-1.964404,0.960626,-1.251801,K01_EastWall_01,3.833511,3.431732
560.28,-0.030399,0.003186,-0.031214,0.110718,-0.151901,0.982163,-1.964404,0.968646,-1.254034,K01_EastWall_01,-1,3.430191
560.2911,-0.030391,0.003182,-0.031189,0.113632,-0.152283,0.981781,-1.964404,0.971463,-1.251135,K01_EastWall_01,-1,3.430878
560.3021,-0.030391,0.003182,-0.031189,0.113632,-0.152283,0.981781,-1.964404,0.976142,-1.25331,K01_EastWall_01,-1,3.430878
560.3133,-0.030299,0.003016,-0.030891,0.097351,-0.178787,0.97905,-1.964404,0.930016,-1.29108,K01_EastWall_01,-1,3.469131
560.3243,-0.030273,0.003033,-0.03116,0.103836,-0.197205,0.974838,-1.964404,0.901619,-1.284767,K01_EastWall_01,-1,3.440826
560.3355,-0.030273,0.003033,-0.03116,0.103836,-0.197205,0.974838,-1.964404,0.909023,-1.286857,K01_EastWall_01,-1,3.440826
560.3466,-0.030284,0.003035,-0.031188,0.106659,-0.191818,0.975601,-1.964404,0.927086,-1.282012,K01_EastWall_01,-1,3.463135
560.3577,-0.030284,0.003028,-0.031192,0.106766,-0.190506,0.975861,-1.964404,0.936069,-1.283103,K01_EastWall_01,2.173828,3.465698
560.3688,-0.030278,0.003001,-0.031157,0.107712,-0.195099,0.974838,-1.964404,0.932264,-1.284621,K01_EastWall_01,-1,3.463074
560.3799,-0.030278,0.003001,-0.031157,0.107712,-0.195099,0.974838,-1.964404,0.935131,-1.286598,K01_EastWall_01,-1,3.463074
560.3911,-0.030277,0.002986,-0.031131,0.107712,-0.199295,0.973999,-1.964404,0.930388,-1.28916,K01_EastWall_01,-1,3.465179
560.4022,-0.030276,0.002986,-0.031127,0.108017,-0.202438,0.973312,-1.964404,0.92765,-1.291045,K01_EastWall_01,-1,3.459579
560.4133,-0.030276,0.002986,-0.031127,0.108017,-0.202438,0.973312,-1.964404,0.929086,-1.293647,K01_EastWall_01,-1,3.459579
560.4243,-0.030262,0.003055,-0.030999,0.117157,-0.206268,0.971451,-1.964404,0.923125,-1.279825,K01_EastWall_01,-1,3.418396
560.4354,-0.030254,0.00306,-0.03106,0.113312,-0.208725,0.971375,-1.964404,0.920895,-1.285973,K01_EastWall_01,-1,3.484665
560.4467,-0.030235,0.003012,-0.031147,0.120132,-0.21315,0.969589,-1.964404,0.915547,-1.275881,K01_EastWall_01,-1,3.423431
560.4578,-0.030235,0.003012,-0.031147,0.120132,-0.21315,0.969589,-1.964404,0.92112,-1.276644,K01_EastWall_01,-1,3.423431
560.469,-0.03021,0.003009,-0.031162,0.120422,-0.216339,0.968857,-1.964404,0.925,-1.276917,K01_EastWall_01,-1,3.432327
560.4799,-0.030201,0.00302,-0.031156,0.12294,-0.219345,0.967865,-1.964404,0.93003,-1.273309,K01_EastWall_01,-1,3.432831
560.4911,-0.030201,0.00302,-0.031156,0.12294,-0.219345,0.967865,-1.964404,0.93825,-1.273333,K01_EastWall_01,-1,3.432831
560.5031,-0.0302,0.003016,-0.031237,0.124802,-0.22934,0.965302,-1.964404,0.926044,-1.271948,K01_EastWall_01,-1,3.479141
560.5133,-0.030205,0.002978,-0.0315,0.122543,-0.245438,0.961624,-1.964404,0.898551,-1.278935,K01_EastWall_01,4.812454,3.377625
560.5244,-0.030205,0.002978,-0.0315,0.122543,-0.245438,0.961624,-1.964404,0.902465,-1.27932,K01_EastWall_01,4.812454,3.377625
560.5355,-0.03021,0.002933,-0.031518,0.118103,-0.250961,0.960754,-1.964404,0.897068,-1.288096,K01_EastWall_01,4.472168,3.419281
560.5466,-0.030214,0.002903,-0.031784,0.12085,-0.247635,0.961273,-1.964404,0.910975,-1.283441,K01_EastWall_01,-1,3.383362
560.5576,-0.030214,0.002903,-0.031784,0.12085,-0.247635,0.961273,-1.964404,0.918968,-1.283206,K01_EastWall_01,-1,3.383362
560.5687,-0.030236,0.002896,-0.031747,0.120026,-0.246262,0.961731,-1.964404,0.928747,-1.283058,K01_EastWall_01,4.977005,3.377182
560.58,-0.030273,0.002942,-0.031909,0.118622,-0.258102,0.958801,-1.964404,0.912893,-1.286962,K01_EastWall_01,-1,3.209198
560.5909,-0.030285,0.002922,-0.031996,0.120941,-0.260422,0.957886,-1.964404,0.913351,-1.283639,K01_EastWall_01,-1,3.320587
560.6021,-0.030285,0.002922,-0.031996,0.120941,-0.260422,0.957886,-1.964404,0.918237,-1.283545,K01_EastWall_01,-1,3.320587
560.6133,-0.03028,0.002915,-0.03218,0.115646,-0.268982,0.956162,-1.964404,0.905877,-1.295018,K01_EastWall_01,-1,3.428986
560.6245,-0.030295,0.002971,-0.032581,0.11232,-0.289139,0.950668,-1.942477,0.886198,-1.296492,K01_G01_05,-1,3.232925
560.6354,-0.030295,0.002971,-0.032581,0.11232,-0.289139,0.950668,-1.943369,0.886198,-1.29705,K01_G01_05,-1,3.232925
560.6467,-0.030296,0.002887,-0.0324,0.109589,-0.283676,0.952622,-1.957245,0.886198,-1.305762,K01_G01_05,-1,3.313248
560.6576,-0.030304,0.002863,-0.03236,0.102844,-0.302506,0.947571,-1.912254,0.886198,-1.300494,K01_G01_05,-1,3.256165
560.6686,-0.030304,0.002863,-0.03236,0.102844,-0.302506,0.947571,-1.914943,0.886198,-1.302601,K01_G01_05,-1,3.256165
560.6799,-0.030304,0.002874,-0.032385,0.098084,-0.300583,0.948685,-1.921818,0.886198,-1.313728,K01_G01_05,-1,3.230896
560.6909,-0.030275,0.002935,-0.032618,0.111862,-0.291885,0.949875,-1.946579,0.886198,-1.304864,K01_G01_05,-1,3.332413
560.7021,-0.030234,0.002866,-0.032435,0.100479,-0.307037,0.946365,-1.91206,0.886198,-1.312708,K01_G01_05,-1,3.164825
560.7131,-0.030234,0.002866,-0.032435,0.100479,-0.307037,0.946365,-1.912741,0.886198,-1.316099,K01_G01_05,-1,3.164825
560.7242,-0.030223,0.002807,-0.032262,0.099808,-0.29332,0.950775,-1.944916,0.886198,-1.331759,K01_G01_05,-1,3.264664
560.7354,-0.030262,0.002922,-0.032635,0.103882,-0.306137,0.946289,-1.918515,0.886198,-1.320252,K01_G01_05,-1,3.189621
560.7464,-0.030262,0.002922,-0.032635,0.103882,-0.306137,0.946289,-1.920562,0.886198,-1.324874,K01_G01_05,-1,3.189621
560.7576,-0.03044,0.003183,-0.033634,0.155396,-0.318161,0.935196,-1.900243,0.886198,-1.251702,K01_G01_05,-1,3.170639
560.7686,-0.030405,0.003027,-0.033096,0.129273,-0.312225,0.941162,-1.91117,0.886198,-1.295486,K01_G01_05,-1,3.168243
560.7798,-0.030412,0.003063,-0.033215,0.12851,-0.302475,0.944443,-1.932947,0.886198,-1.308789,K01_G01_05,-1,3.167297
560.7908,-0.030412,0.003063,-0.033215,0.12851,-0.302475,0.944443,-1.933735,0.886198,-1.314486,K01_G01_05,-1,3.167297
560.8019,-0.030412,0.003063,-0.033215,0.128525,-0.302506,0.944428,-1.9337,0.886198,-1.319285,K01_G01_05,-1,3.164398
560.8131,-0.030338,0.002417,-0.030687,0.156143,-0.310684,0.937592,-1.918274,0.886198,-1.281598,K01_G01_05,-1,3.261963
560.8242,-0.030338,0.002417,-0.030687,0.156143,-0.310684,0.937592,-1.916022,0.886198,-1.284489,K01_G01_05,-1,3.261963
560.8353,-0.030414,0.002757,-0.031875,0.156387,-0.345169,0.9254,-1.848975,0.886198,-1.266721,K01_G01_05,-1,3.037582
560.8464,-0.030464,0.003029,-0.032794,0.154541,-0.319397,0.934921,-1.897541,0.886198,-1.287354,K01_G01_05,-1,3.202072
560.8575,-0.030464,0.003029,-0.032794,0.154541,-0.319397,0.934921,-1.898333,0.886198,-1.291451,K01_G01_05,-1,3.202072
560.8686,-0.030473,0.003052,-0.032787,0.134247,-0.356308,0.924667,-1.829779,0.886198,-1.29891,K01_G01_05,-1,2.821274
560.8797,-0.030448,0.002836,-0.031914,0.155945,-0.339584,0.927551,-1.863177,0.886198,-1.286492,K01_G01_05,-1,2.937927
560.8907,-0.030442,0.00278,-0.031706,0.161575,-0.318451,0.934052,-1.902739,0.886198,-1.295267,K01_G01_05,-1,3.166794
560.9019,-0.030442,0.00278,-0.031706,0.161575,-0.318451,0.934052,-1.902345,0.886198,-1.298753,K01_G01_05,-1,3.166794
560.9131,-0.030442,0.002756,-0.031616,0.161667,-0.318527,0.934021,-1.901497,0.886198,-1.302102,K01_G01_05,-1,3.16861
560.9242,-0.030442,0.002692,-0.031373,0.161789,-0.340637,0.926163,-1.860847,0.886198,-1.293238,K01_G01_05,-1,3.018555
560.9353,-0.030442,0.002692,-0.031373,0.161789,-0.340637,0.926163,-1.860372,0.886198,-1.297148,K01_G01_05,-1,3.018555
560.9465,-0.030442,0.002655,-0.031237,0.161926,-0.343918,0.924912,-1.853191,0.886198,-1.298554,K01_G01_05,-1,2.976822
560.9575,-0.030442,0.002652,-0.031224,0.163574,-0.343948,0.924622,-1.851221,0.886198,-1.299761,K01_G01_05,-1,3.018234
560.9686,-0.030443,0.002627,-0.031107,0.164536,-0.343704,0.92453,-1.849389,0.886198,-1.301908,K01_G01_05,-1,3.02356
560.9797,-0.030443,0.002627,-0.031107,0.164536,-0.343704,0.92453,-1.846537,0.886198,-1.304415,K01_G01_05,-1,3.02356
560.9908,-0.030446,0.002612,-0.031002,0.168045,-0.333939,0.92749,-1.861861,0.886198,-1.307926,K01_G01_05,-1,3.10228
561.0019,-0.030563,0.002851,-0.031772,0.19339,-0.310989,0.930527,-1.901843,0.886198,-1.292247,K01_G01_05,-1,3.22702
561.0131,-0.030563,0.002851,-0.031772,0.19339,-0.310989,0.930527,-1.900603,0.886198,-1.294613,K01_G01_05,-1,3.22702
561.024,-0.030698,0.003517,-0.034143,0.174225,-0.30365,0.936707,-1.910773,0.886198,-1.324186,K01_G01_05,-1,3.041397
561.0352,-0.030449,0.0024,-0.029329,0.2276,-0.348267,0.909332,-1.834407,0.886198,-1.240591,K01_G01_05,-1,3.173492
561.0463,-0.030567,0.002628,-0.030823,0.202545,-0.306549,0.930039,-1.90224,0.886198,-1.291572,K01_G01_05,-1,3.133087
561.0575,-0.030567,0.002628,-0.030823,0.202545,-0.306549,0.930039,-1.90021,0.886198,-1.291725,K01_G01_05,-1,3.133087
561.0685,-0.030627,0.002679,-0.030969,0.215881,-0.300369,0.929062,-1.908961,0.886198,-1.278938,K01_G01_05,-1,3.133987
561.0798,-0.030676,0.002892,-0.031711,0.234451,-0.308502,0.92186,-1.89258,0.886198,-1.252525,K01_G01_05,-1,3.112152
561.0908,-0.030676,0.002892,-0.031711,0.234451,-0.308502,0.92186,-1.890314,0.886198,-1.251683,K01_G01_05,-1,3.112152
561.1019,-0.030712,0.003,-0.032036,0.219162,-0.296768,0.929443,-1.90685,0.886198,-1.274089,K01_G01_05,-1,3.254257
561.113,-0.030709,0.002953,-0.031856,0.207062,-0.291519,0.933868,-1.912126,0.886198,-1.288869,K01_G01_05,-1,3.138733
561.1241,-0.030717,0.00299,-0.031933,0.201355,-0.294647,0.934143,-1.902895,0.886198,-1.29145,K01_G01_05,-1,3.057785
561.1353,-0.030717,0.00299,-0.031933,0.201355,-0.294647,0.934143,-1.899309,0.886198,-1.288488,K01_G01_05,-1,3.057785
561.1464,-0.030735,0.003146,-0.032481,0.210983,-0.278748,0.93689,-1.923009,0.886198,-1.281106,K01_G01_05,-1,3.178085
561.1573,-0.030707,0.003076,-0.032081,0.221191,-0.26973,0.93718,-1.935548,0.886198,-1.269557,K01_G01_05,-1,3.120712
561.1685,-0.030707,0.003076,-0.032081,0.221191,-0.26973,0.93718,-1.932819,0.886198,-1.265383,K01_G01_05,-1,3.120712
561.1797,-0.030707,0.003096,-0.032088,0.215591,-0.273789,0.937302,-1.923088,0.886198,-1.26738,K01_G01_05,-1,3.1185
561.1907,-0.030697,0.003077,-0.032081,0.215134,-0.270401,0.938385,-1.927488,0.886198,-1.266577,K01_G01_05,3.957779,3.125153
561.2018,-0.030697,0.003077,-0.032081,0.215134,-0.270401,0.938385,-1.927854,0.886198,-1.264597,K01_G01_05,3.957779,3.125153
561.2131,-0.030607,0.002935,-0.031332,0.226502,-0.277649,0.933594,-1.916677,0.886198,-1.246938,K01_G01_05,-1,3.184235
561.2241,-0.030603,0.003071,-0.03174,0.216156,-0.282059,0.934723,-1.910681,0.886198,-1.255715,K01_G01_05,-1,3.146774
561.2351,-0.0306,0.003106,-0.031859,0.208756,-0.27655,0.938034,-1.922305,0.886198,-1.26519,K01_G01_05,-1,3.177063
561.2463,-0.0306,0.003106,-0.031859,0.208756,-0.27655,0.938034,-1.924817,0.886198,-1.263476,K01_G01_05,-1,3.177063
561.2573,-0.030598,0.00311,-0.031871,0.210938,-0.279739,0.9366,-1.921592,0.886198,-1.257845,K01_G01_05,-1,3.159866
561.2684,-0.030595,0.003123,-0.03192,0.208344,-0.284149,0.935852,-1.916796,0.886198,-1.258081,K01_G01_05,-1,3.165146
561.2795,-0.030595,0.003123,-0.03192,0.208344,-0.284149,0.935852,-1.919984,0.886198,-1.257511,K01_G01_05,-1,3.165146
561.2928,-0.030594,0.003145,-0.032,0.204453,-0.284424,0.93663,-1.922809,0.886198,-1.261673,K01_G01_05,-1,3.145416
561.3018,-0.030592,0.00313,-0.031967,0.201981,-0.283646,0.937408,-1.927246,0.886198,-1.264349,K01_G01_05,-1,3.145126
561.3129,-0.030592,0.00313,-0.031967,0.201981,-0.283646,0.937408,-1.929878,0.886198,-1.263303,K01_G01_05,-1,3.145126
561.3241,-0.030587,0.00312,-0.03192,0.198685,-0.282379,0.938492,-1.934683,0.886198,-1.266072,K01_G01_05,-1,3.16246
561.3351,-0.03058,0.003243,-0.032584,0.191742,-0.265839,0.944748,-1.964404,0.889153,-1.278737,K01_EastWall_01,-1,3.306671
561.3463,-0.030048,0.001015,-0.024522,0.286163,-0.276871,0.917297,-1.94344,0.886198,-1.158099,K01_G01_05,-1,3.334595
561.3574,-0.030048,0.001015,-0.024522,0.286163,-0.276871,0.917297,-1.945751,0.886198,-1.155916,K01_G01_05,-1,3.334595
561.3685,-0.030529,0.003154,-0.032308,0.175354,-0.264206,0.94838,-1.964404,0.89979,-1.289918,K01_EastWall_01,4.700806,3.408035
561.3798,-0.029768,0.000187,-0.021252,0.32338,-0.269516,0.907059,-1.958616,0.886198,-1.107757,K01_G01_05,-1,3.596832
561.3908,-0.029768,0.000187,-0.021252,0.32338,-0.269516,0.907059,-1.961207,0.886198,-1.105185,K01_G01_05,-1,3.596832
561.4018,-0.030048,0.001229,-0.025173,0.254273,-0.290772,0.922379,-1.934377,0.886198,-1.181566,K01_G01_05,-1,3.290314
561.413,-0.029755,0.00031,-0.021667,0.302933,-0.292831,0.906891,-1.929288,0.886198,-1.119749,K01_G01_05,-1,3.398819
561.4239,-0.029755,0.00031,-0.021667,0.302933,-0.292831,0.906891,-1.933885,0.886198,-1.117363,K01_G01_05,-1,3.398819
561.435,-0.029728,0.000284,-0.021578,0.313629,-0.264816,0.91185,-1.964404,0.905841,-1.103399,K01_EastWall_01,-1,3.545837
561.4462,-0.029854,0.000616,-0.022984,0.278015,-0.265823,0.92305,-1.964404,0.912332,-1.142395,K01_EastWall_01,-1,3.47554
561.4573,-0.029712,0.000352,-0.021801,0.290955,-0.294403,0.910309,-1.944327,0.886198,-1.12318,K01_G01_05,-1,3.370377
561.4684,-0.029712,0.000352,-0.021801,0.290955,-0.294403,0.910309,-1.948202,0.886198,-1.11982,K01_G01_05,-1,3.370377
561.4796,-0.029744,0.000497,-0.02234,0.26445,-0.315277,0.911392,-1.917087,0.886198,-1.143746,K01_G01_05,-1,3.30806
561.4906,-0.030349,0.003019,-0.032017,0.148193,-0.295975,0.943619,-1.964404,0.892158,-1.29276,K01_EastWall_01,-1,3.079849
561.5017,-0.030349,0.003019,-0.032017,0.148193,-0.295975,0.943619,-1.964404,0.896339,-1.288824,K01_EastWall_01,-1,3.079849
561.5129,-0.029678,0.000382,-0.022051,0.261231,-0.322815,0.909683,-1.916266,0.886198,-1.137174,K01_G01_05,-1,3.142639
561.5239,-0.029662,0.000478,-0.022297,0.233887,-0.385635,0.892502,-1.813067,0.886198,-1.148782,K01_G01_05,-1,2.867554
561.535,-0.029662,0.000478,-0.022297,0.233887,-0.385635,0.892502,-1.818764,0.886198,-1.14606,K01_G01_05,-1,2.867554
561.5463,0,0,0,0,0,1,-99999,-99999,-99999,,-1,-1
561.5573,0,0,0,0,0,1,-99999,-99999,-99999,,-1,-1
561.5683,-0.029922,0.00475,-0.042739,-0.179489,-0.470306,0.864044,-1.495887,1.088023,-1.41778,K01_L20_24,-1,4.493149
561.5795,-0.029922,0.00475,-0.042739,-0.179489,-0.470306,0.864044,-1.499611,1.08916,-1.417685,K01_L20_24,-1,4.493149
561.5905,-0.028524,-0.001584,-0.018825,-0.166794,-0.648315,0.742859,-1.839195,0,-2.098978,Ground,-1,5.806061
561.6016,0,0,0,0,0,1,-99999,-99999,-99999,,-1,-1
561.6127,0,0,0,0,0,1,-99999,-99999,-99999,,-1,-1
561.624,0,0,0,0,0,1,-99999,-99999,-99999,,-1,-1
561.6349,0,0,0,0,0,1,-99999,-99999,-99999,,-1,-1
561.6461,0,0,0,0,0,1,-99999,-99999,-99999,,-1,-1
561.6571,0,0,0,0,0,1,-99999,-99999,-99999,,-1,-1
561.6683,0,0,0,0,0,1,-99999,-99999,-99999,,-1,-1
561.6794,-0.03015,0.003394,-0.030691,0.131149,-0.180374,0.974808,-4.556271,0,-1.980272,Ground,-1,2.986298
561.6905,-0.03015,0.003394,-0.030691,0.131149,-0.180374,0.974808,-4.630399,0,-1.980932,Ground,-1,2.986298
561.7017,-0.030058,0.002981,-0.028977,0.170837,-0.193436,0.96611,-4.511809,0,-1.770804,Ground,-1,2.897964
561.7128,-0.030078,0.003178,-0.029932,0.158997,-0.196976,0.967423,-4.562278,0,-1.812907,Ground,-1,3.001938
561.7238,-0.030078,0.003178,-0.029932,0.158997,-0.196976,0.967423,-4.633693,0,-1.80457,Ground,-1,3.001938
561.7349,-0.030104,0.003216,-0.030365,0.153473,-0.157761,0.975464,-5.176425,0,-1.898415,Ground,-1,3.241501
561.7462,-0.030089,0.003172,-0.03055,0.160797,-0.127396,0.978729,-5.698639,0,-1.919823,Ground,-1,3.32251
561.7572,-0.030089,0.00327,-0.030991,0.149399,-0.132599,0.979828,-5.761844,0,-1.966118,Ground,-1,3.454742
561.7683,-0.030089,0.00327,-0.030991,0.149399,-0.132599,0.979828,-5.88495,0,-1.96021,Ground,-1,3.454742
561.7794,-0.030074,0.003204,-0.030956,0.14151,-0.159897,0.976929,-5.579097,0,-1.931227,Ground,-1,3.319778
561.7905,-0.030076,0.003263,-0.031349,0.126663,-0.167481,0.977692,-5.605197,0,-1.989322,Ground,-1,3.317413
561.8016,-0.030076,0.003263,-0.031349,0.126663,-0.167481,0.977692,-5.714283,0,-1.980903,Ground,-1,3.317413
561.8128,-0.030025,0.003222,-0.031358,0.117065,-0.161636,0.979874,-5.944288,0,-2.04416,Ground,-1,3.368713
561.8237,-0.030014,0.003153,-0.031383,0.111023,-0.172348,0.978745,-5.866201,0,-2.032812,Ground,-1,3.330933
561.8348,-0.030014,0.003153,-0.031383,0.111023,-0.172348,0.978745,-5.948055,0,-2.01097,Ground,-1,3.330933
561.846,-0.029982,0.003085,-0.031286,0.103195,-0.171814,0.979706,-6.054973,0,-2.034945,Ground,-1,3.285706
561.8571,-0.029983,0.003124,-0.031593,0.096619,-0.181274,0.978668,-5.960376,0,-2.014872,Ground,-1,3.198517
561.8682,-0.02998,0.003148,-0.031718,0.093826,-0.190369,0.977203,-5.862439,0,-1.970973,Ground,-1,3.179626
561.8793,-0.02998,0.003148,-0.031718,0.093826,-0.190369,0.977203,-5.916792,0,-1.933863,Ground,-1,3.179626
561.8904,-0.029961,0.003147,-0.031707,0.081146,-0.203049,0.975784,-5.79607,0,-1.941049,Ground,-1,3.161713
561.9016,-0.030001,0.003334,-0.031044,0.138596,-0.115311,0.983597,-7.707563,0,-1.752011,Ground,-1,3.208725
561.9127,-0.030001,0.003334,-0.031044,0.138596,-0.115311,0.983597,-7.86407,0,-1.701057,Ground,-1,3.208725
561.9238,-0.029917,0.00318,-0.029046,0.182282,0.005402,0.983215,-15.5147,0,-1.537953,Ground,3.422241,3.26265
561.9348,0.002105,0.002591,-0.032236,0.190445,0.038315,0.980942,-22.97352,0,-1.382109,Ground,2.916092,3.404327
561.9459,0.003238,0.002592,-0.032362,0.185104,-0.158691,0.969818,-6.900141,0,-1.128746,Ground,3.9505,3.280853
561.957,0.003238,0.002592,-0.032362,0.185104,-0.158691,0.969818,-7.063962,0,-1.06215,Ground,3.9505,3.280853
561.9681,-0.030257,0.004117,-0.031685,0.158127,0.033936,0.986832,-31.99761,0,-1.733181,Ground,3.940292,3.338745
561.9793,-0.030242,0.00402,-0.031429,0.16182,0.034592,0.986206,-36.15486,0,-1.337483,Ground,3.056198,3.202118
561.9904,-0.030242,0.00402,-0.031429,0.16182,0.034592,0.986206,-40.46803,0,-0.956147,Ground,3.056198,3.202118
562.0014,-0.030222,0.003841,-0.031002,0.148926,0.027786,0.988449,-40.50521,0,-1.067708,Ground,2.863998,3.330048
562.0127,-0.0302,0.003646,-0.030666,0.142029,0.025772,0.989517,-43.61893,0,-0.866902,Ground,3.050766,3.3694
562.0237,-0.0302,0.003646,-0.030666,0.142029,0.025772,0.989517,-47.96637,0,-0.268302,Ground,3.050766,3.3694
562.0349,-0.030208,0.003727,-0.031116,0.12114,0.008545,0.992584,-37.21729,0,-0.725959,Ground,2.936584,3.30542
562.0459,0.009677,0.002378,-0.033545,0.11409,-0.019989,0.993256,-24.69725,0,-0.644927,Ground,3.025055,3.343811
562.0569,0.008374,0.002494,-0.03384,0.079758,-0.038422,0.996063,-21.51073,0,-1.104159,Ground,3.045853,3.293854
562.0681,0.008374,0.002494,-0.03384,0.079758,-0.038422,0.996063,-22.12565,0,-0.771898,Ground,3.045853,3.293854
562.0792,-0.003642,0.002758,-0.032708,0.082642,-0.032196,0.996048,-24.72969,0,-0.31042,Ground,3.002228,3.138535
562.0904,-0.030471,0.00377,-0.031134,0.195084,0.034225,0.980179,-99999,-99999,-99999,,3.355499,3.105408
