ppid	response_mode	session_num	trial_num	block_num	trial_num_in_block	start_time	end_time	trial_no	shift_x	shift_y	shift_z	view_rotation	t_starting_pos	standing_y_rotation	target_pos_x	target_pos_y	target_pos_z	target_euler_x	target_euler_y	target_euler_z	target_bbox_center_x	target_bbox_center_y	target_bbox_center_z	target_bbox_size_x	target_bbox_size_y	target_bbox_size_z	t_scene_preview_start	t_scene_preview_end	t_response_start	t_response_end	response_pos_x_pivot	response_pos_y_pivot	response_pos_z_pivot	response_euler_x	response_euler_y	response_euler_z	tar_error_pos	tar_error_pos_x	tar_error_pos_y	tar_error_pos_z	tar_error_angle	tar_error_euler_x	tar_error_euler_y	tar_error_euler_z	standing_pos_x	standing_pos_y	standing_pos_z	trial_valid	response_bbox_center_x	response_bbox_center_y	response_bbox_center_z	tar_error_bbox	tar_error_bbox_x	tar_error_bbox_y	tar_error_bbox_z	response_duration	tar_error_surf	drop_count	last_drop_time	last_drop_x	last_drop_z	drop1_err_pos	drop2_err_pos	drop3_err_pos	drop4_err_pos	move_dist	tar_error_right_left	tar_error_away_toward
10	cube	2	13.994298983529115	0.0	13.994298983529115	198.07608131780123	197.47253847220918	2.7979068655483923	0.0	0.0	0.0	114.41551070947108	198.1753308051297	116.05321004298091	1.2256943806868406	0.2780919734180955	1.1155061356585376	165.7530499636302	51.4875190504811	148.88724105987623	1.221045107929695	0.16572695138305724	1.1209934960673966	0.27475172442588963	0.2809255516029725	0.24263748832977106	198.13775759025515	198.03045100316862	198.0303940987628	197.47233896215806	1.208620559827164	0.27863516904389185	1.1132643945594416	161.74892364128957	124.10887776190343	151.80400726547018	0.017221989402557945	0.03302159733069718	0.01985201351523545	0.017824115197074608	31.432367954955563	166.31124267962736	144.72100877501757	211.8782668568541	0.8515157392480479	0.19961831917250372	0.8135718258473171	0.0	1.2259716926563864	0.2827628460303383	1.131934684357663	0.13432111064736027	0.039800946311626936	0.14236318409505253	0.02176108541412882	1.5165327203744643	0.015994864146024076	0.5477225575051662	197.66537179180625	0.91522331975983	0.870942092251428					0.4450873900340179	0.0218041991840697	0.028739432740407453
10	fixed	4	14.500714019340808	0.0	14.500714019340808	212.89593673500502	213.18850973072966	2.7979068655483923	0.0	0.0	0.0	114.41551070947108	213.25425715028507	112.86687431846478	1.2256943806868408	0.27809197341809544	1.1155061356585376	165.7530499636302	51.48751905048108	148.8872410598762	1.221045107929695	0.16572695138305726	1.1209934960673964	0.27475172442588963	0.28092555160297245	0.242637488329771	213.25449074691497	213.2737902458283	213.27355161492733	213.18883156202108	1.2142414892461606	0.28204177314149403	1.1239319101563132	7.339526320218399	113.2901349337046	157.54274594599073	0.017849755743681507	0.03376440886334173	0.01390295639993832	0.01781738523261123	41.93508763022364	165.86967309489785	145.3609239862699	217.56265657511918	0.8353589712870356	0.2536568431842715	0.7540046563394068	0.0								0.970625727681566	0.01941732934063577	0.0								0.31058924194830345	0.02493676118577478	0.029550629565974637
10	laser	1	14.169946203683427	0.0	14.169946203683427	173.38624282266804	170.9835573488073	2.844629296780493	0.0	0.0	0.0	113.33659040333131	173.19785750184218	122.56083222805393	1.2273651149963454	0.2837949396820754	1.1190279209924225	166.70370546161698	51.830510257624304	151.19949434771638	1.2241176185899034	0.1684142398603771	1.1247681447867954	0.2802475672376719	0.2846922214709613	0.24789655148906029	173.1537736982777	171.08815262101726	171.08817588172866	170.98319715164521	1.2248457492896498	0.28539530785340683	1.140241247694691	0.0	0.0	0.0	0.04817107662644725	0.06179137054446204	0.01240049072176752	0.056614410256165155	39.16897988166235	166.70370546161698	51.830510257624304	151.19949434771638	0.1094389454379285	0.010779719418106968	0.07995217296089853	0.0								0.6679794849191557	0.04890711122711597	0.0								0.03165799455544174	0.057755740850244285	0.06062841014147988
10	object	3	14.48004751023007	0.0	14.48004751023007	245.1951175422517	245.25904336397616	2.758323938803093	0.0	0.0	0.0	113.70653224721569	244.98363368742727	121.30178993123258	1.222719170412654	0.2809158289429704	1.1131775523344933	165.38829368333631	51.135142520653986	149.63869241996503	1.2173906458984884	0.16701984009167736	1.1192397275673105	0.27742179514476234	0.2841010298536199	0.2450012773992673	244.94352166594135	245.07291135212594	245.07289572264847	245.25924024347316	1.21957891073734	0.2839793332651187	1.1299722013585625	159.87658350634754	78.95978543522301	163.59034245467194	0.017827334847275157	0.026579523924565578	0.00792185832553257	0.022987633739199643	11.539266345782037	129.07221317887985	77.10368232398088	125.42680664755748	0.845547144205471	0.24704283959815634	0.783118385204171	0.0	1.2232863770025473	0.17257870295970235	1.1401954327250388	0.0248426803365906	0.03675955142411589	0.008529483052024781	0.026841388448456037	1.879750004820594	0.018400423302165018	0.3867520743564635	245.1740069382099	0.8976939051103865	0.8423589437972985					0.38657505289130956	0.02070686961451581	0.026726061799738982
11	cube	4	14.577379737113251	0.0	14.577379737113251	170.97815447164353	170.72578612104604	2.901442287369986	0.0	0.0	0.0	90.91372900969897	170.93481890071533	87.75977809529309	1.370221366829373	0.2648225478788791	0.9041732251359216	173.63505592242433	87.77024919961913	160.83072695618858	1.3543458855517032	0.30367937977641446	0.9141494236705194	0.15883247029833486	0.19479089611327385	0.1779823129534081	170.77042272172082	170.74716392658215	170.74687113598284	170.7257580087918	1.3714240211752813	0.2607418469809148	0.8991376263776555	174.73426338622323	167.9764832786679	175.5550300533487	0.030804476788457425	0.03437144683196879	0.012894155392269789	0.0353438572191571	47.50019103823026	271.29609149673996	184.44513897344547	275.465925120133	0.7906803133540222	0.1452589344380986	0.5441202051931195	0.0	1.3742787301124464	0.261135214274786	0.9008665616849291	0.09375086031007929	0.043065063296062585	0.10610109300832496	0.05902238773286085	0.834219874674565	0.03066112319423893	0.328260722659316	170.9108571052607	1.1172470347640904	0.7277154096195038					0.3656697456154769	0.03897892683029158	0.0369673979074447
11	fixed	3	14.577379737113251	0.0	14.577379737113251	145.74848118099672	145.50389029848864	2.9014422873699863	0.0	0.0	0.0	90.91372900969897	145.61537383961644	90.06440369981519	1.370221366829373	0.26482254787887916	0.9041732251359215	173.63505592242433	87.77024919961913	160.83072695618856	1.3543458855517032	0.30367937977641446	0.9141494236705194	0.1588324702983349	0.19479089611327388	0.17798231295340813	145.45010797206058	145.50390534401689	145.50424262591147	145.50406513555257	1.3375451699923853	0.25899787004301794	0.869815190297836	10.256092547340845	81.40528419879155	9.0217572104197	0.02581902279771602	0.0441456217940958	0.017091864803443293	0.04314712551421222	37.030131848117186	172.75044105789502	143.3738075034404	159.87691509800842	1.010507013503688	0.2113242093841361	0.624159788590659	0.0								0.40355084672675495	0.027465512764633337	0.0								0.21040539955976273	0.03235442650032447	0.03230490330923118
11	laser	1	14.577926533941154	0.0	14.577926533941154	151.90171770860678	150.11140769377087	2.721181897241417	0.0	0.0	0.0	93.89401981234874	151.1758234237399	89.56926385618839	1.3730077834103165	0.20834774103614778	0.9276222921222418	174.96003860457054	90.7211368984375	162.33917709489202	1.3557940365290753	0.25337825369951633	0.9379592269938217	0.14164437590670514	0.2020300664127594	0.16571888051896191	150.9886884651598	150.30769050746386	150.3064847631302	150.11186191439484	1.3198429663426812	0.20602382411299675	0.8906188701298249	0.0	0.0	0.0	0.04329215642118253	0.07961496414189038	0.007842830663690481	0.058285610415419575	45.489666821874344	174.96003860457054	90.7211368984375	162.33917709489202	0.09079801930919765	0.011512038685465392	0.09152922812926023	0.0								0.486724083073085	0.043460138624554515	0.0								0.014536225028560895	0.05493616762135615	0.05591363812046814
11	object	2	14.577379737113251	0.0	14.577379737113251	180.51593928648023	180.31036116841148	2.9014422873699854	0.0	0.0	0.0	90.91372900969897	180.52002440976588	87.16299985179073	1.370221366829373	0.2648225478788791	0.9041732251359215	173.6350559224243	87.77024919961913	160.83072695618856	1.354345885551703	0.30367937977641446	0.9141494236705194	0.15883247029833486	0.19479089611327385	0.1779823129534081	180.3590470753993	180.4095897214473	180.40954200940857	180.30885326410427	1.3676012318301785	0.27241807891384934	0.8946707907428195	168.2110672782507	89.89903573382044	172.12376928008453	0.01588058623685292	0.02501024378231072	0.01939319233428818	0.021235420984222157	14.335566573593859	234.57992331794546	58.5471328810166	234.22967714253687	0.853131653605422	0.15358378747448495	0.5734825955012575	0.0	1.3575566221209934	0.308854220087664	0.9058638689252884	0.024370033640501675	0.033776611582548764	0.02173304120365099	0.022189595542423175	0.972546732384451	0.015789104536779678	0.40456577881446554	180.36453911042886	1.0552984807079162	0.7031131266030453					0.34788150386527456	0.023242934539699042	0.025180409969113946
12	cube	2	14.58541543578185	0.0	14.58541543578185	186.2624027197295	185.2030148689344	2.797906865548392	0.0	0.0	0.0	114.41551070947109	185.82083773182765	122.90223937448852	1.2256943806868408	0.2780919734180955	1.1155061356585376	165.7530499636302	51.4875190504811	148.88724105987623	1.221045107929695	0.16572695138305726	1.1209934960673962	0.27475172442588963	0.2809255516029725	0.24263748832977106	185.7829835195207	185.63698550855574	185.63698617546044	185.20358755309186	1.1878110080553312	0.27172887255319095	1.0906192722181969	162.18807537499166	154.9834591204616	155.52943500576615	0.0229325779331192	0.042188174727779054	0.021027420656193792	0.03432208546488086	31.098523929574014	198.46180234035987	178.165919862613	222.10662795303594	0.502214973031148	0.01886601292675604	0.473393152859155	0.0	1.2066515979908432	0.2773238886068549	1.1101298490046434	0.12596657503870548	0.04011515720659837	0.1396732768471449	0.025911739403641398	0.8550963459737614	0.024514827532157786	0.28779903201415197	185.36585736552902	0.7901003205086565	0.7399860039948736					0.4034444147578957	0.021579628459486855	0.025866088388920235
12	fixed	1	14.383600010430012	0.0	14.383600010430012	187.55670238968386	180.86860292269168	2.727977357881894	0.0	0.0	0.0	115.48111511957288	183.0689242414066	116.52543842730041	1.2254082207191812	0.2544890243577764	1.1048962231825126	165.4504501993191	52.08244896708966	149.70118560696366	1.2218459126233112	0.15417244843528347	1.109279239696777	0.255667940333587	0.2637312655398394	0.2261760686565405	183.0208707322303	181.4224463741791	181.42231606543913	180.8689321549991	1.1835606760698165	0.2537894143288404	1.082761246065189	6.7855276431090195	110.53641469000186	148.03696119617322	0.03544865894691615	0.05030744238412473	0.024628365804468866	0.03465937141592655	43.33374344859592	163.68992447665374	142.39339145782688	214.8419065582788	0.7571009111219706	0.2011851244472466	0.7144716944062777	0.0								1.955280848732661	0.036190046262872866	0.0								0.36954641552490936	0.026914864317548203	0.03730438762519644
12	laser	4	14.397600810236026	0.0	14.397600810236026	144.69078565537674	144.2069777306479	2.797906865548392	0.0	0.0	0.0	114.41551070947109	144.43347426679165	107.33848533710018	1.2256943806868406	0.27809197341809544	1.1155061356585372	165.75304996363022	51.48751905048108	148.88724105987623	1.221045107929695	0.16572695138305726	1.1209934960673966	0.2747517244258896	0.2809255516029725	0.24263748832977108	144.39411926973887	144.34993327337347	144.3499315323739	144.20749378243872	1.1996705653708772	0.2797058015078603	1.104588070990534	0.0	0.0	0.0	0.03372877605924273	0.05155684223192178	0.012466574654578611	0.03750366671424451	38.467068751274944	165.75304996363022	51.48751905048108	148.88724105987623	0.11985384367731923	0.010612363606338151	0.1037607022846951	0.0								0.5300092250876199	0.03479098608775247	0.0								0.02594895952421419	0.040235827248632755	0.04351428208636699
12	object	3	14.409417515337429	0.0	14.409417515337429	189.99551442630727	190.33958130956245	2.7979068655483923	0.0	0.0	0.0	114.41551070947109	190.1757760616583	115.06144592912231	1.2256943806868406	0.2780919734180955	1.1155061356585374	165.75304996363022	51.48751905048108	148.88724105987623	1.221045107929695	0.16572695138305726	1.1209934960673966	0.27475172442588963	0.2809255516029725	0.24263748832977106	190.13998292258833	190.31447216529176	190.3144666357872	190.3403729403239	1.2003276932263804	0.28775667052808196	1.1147487374707281	158.7223914028825	84.10162090614607	161.48443836474465	0.021004098781264847	0.03499640322182619	0.01618818623480491	0.020836931609694135	11.58634044177801	164.77886316330984	55.73764758285595	154.62680812895394	0.4865806106565188	0.018299183354853435	0.4722306036399575	0.0	1.2261604851302708	0.17616826162354451	1.1662534300652179	0.08906405528285401	0.05027017223925781	0.01930725593044326	0.08785553829347563	1.0222620600378027	0.022971851118717388	0.42402591878089224	190.46125858833574	0.8149154487090079	0.7467406114846247					0.4134953298684056	0.02540526478915484	0.029073571928728496
13	cube	4	14.203321563435203	0.0	14.203321563435203	258.325884072378	257.86179647224986	2.797906865548392	0.0	0.0	0.0	114.41551070947108	257.958811447284	124.28700714818739	1.2256943806868408	0.27809197341809544	1.1155061356585374	165.75304996363022	51.4875190504811	148.88724105987623	1.221045107929695	0.16572695138305726	1.1209934960673966	0.27475172442588963	0.28092555160297245	0.24263748832977108	257.9188647592524	257.9693212466007	257.96932367803146	257.8624899668862	1.224359455160385	0.27810860757861516	1.1164427247278668	176.14654196620862	179.26256976517612	179.0361809739904	0.020097257191070635	0.026754698128298206	0.013484989327531423	0.02606389682877467	38.360932820344445	239.9884987834006	202.4138920452516	268.4030356589593	0.625359968453606	0.03133808514718025	0.6278326149087644	0.0	1.2261618153550147	0.2781073046060466	1.1178517547129614	0.11786091376764153	0.035539524934468054	0.1396082128894278	0.03072830077022243	1.3004857986023808	0.0208599826337175	0.3178208630818643	257.8639782847784	0.9249858764296651	0.9162367079769239					0.411895172578877	0.02874839368208248	0.022575570776636165
13	fixed	3	14.22059255183315	0.0	14.22059255183315	207.36329730643553	206.61593460221115	2.7979068655483923	0.0	0.0	0.0	114.41551070947108	207.34712115301113	123.92819454505778	1.2256943806868408	0.2780919734180955	1.1155061356585374	165.75304996363016	51.48751905048108	148.88724105987626	1.2210451079296951	0.16572695138305726	1.1209934960673966	0.2747517244258896	0.2809255516029725	0.24263748832977106	207.34713327920946	206.87098832024844	206.87103882436142	206.61557402555357	1.2029996178721996	0.2719616093264569	1.1073037448840026	7.149740353421666	114.33898946133561	149.55793842326256	0.02064266608001275	0.03260926991178733	0.01604977976997337	0.03159774895742999	40.37109144760486	164.0208736780661	150.64728699152428	252.48671567177342	0.8280611448485853	0.21868191643794585	0.8608901351621283	0.0								0.7794546843834286	0.02185981474074034	0.0								0.3605720265441475	0.023775250778143988	0.032065556081111536
13	laser	2	15.17567165238528	0.0	15.17567165238528	230.18560446496667	229.18364545910146	2.797906865548392	0.0	0.0	0.0	114.41551070947108	229.70720055881708	123.7648311350568	1.2256943806868408	0.27809197341809544	1.1155061356585372	165.75304996363022	51.4875190504811	148.8872410598762	1.221045107929695	0.16572695138305732	1.1209934960673964	0.27475172442588963	0.2809255516029725	0.24263748832977103	229.67051505380118	229.3439617658868	229.34396599140865	229.18307481124717	1.1991486754400087	0.27966523238813595	1.106205131546688	0.0	0.0	0.0	0.037301806970583974	0.04872982203041749	0.012493703252948152	0.03173740019203677	38.46706875127494	165.75304996363022	51.4875190504811	148.8872410598762	0.15713180335801027	0.012661229127824549	0.15801678237743028	0.0								0.6014644554600201	0.03843176604329741	0.0								0.018182328039751193	0.0291112565725759	0.044782097038455176
13	object	1	15.50605703839789	0.0	15.50605703839789	415.28028774923877	412.6611000915231	2.8191418863919844	0.0	0.0	0.0	112.83973093750616	414.89941981759455	125.97077296190506	1.2355299480303341	0.2629716548628967	1.0970895588648601	164.42024471658	50.361489369975274	151.93779547003183	1.2329780655602798	0.15818991256152193	1.1017307527054694	0.25718996447820425	0.2725643280742741	0.22560337368655387	414.8562410871956	412.6538179027146	412.65384076957565	412.6618231414668	1.2142051717295663	0.27762303619116774	1.0928049347971573	161.8276938887521	84.53558339254118	166.5697049627146	0.024854159087687875	0.034678737869928596	0.017220632870477093	0.02754691063476106	7.648989355353067	124.11713957903804	83.0961105208482	133.25903747700156	0.44633623759721797	0.02825954519801729	0.4542086130152589	0.0	1.2167194802223313	0.17538874748584893	1.0975606251178571	0.026672013333839048	0.03252687968400979	0.019012612705716195	0.02932849190984933	2.021751649345307	0.023308987148280124	0.7062439293932926	412.7642463171788	0.9430094643196648	0.8695710946369782					0.5328364023150322	0.028602500312696524	0.03041861503043017
14	cube	4	14.591952873158625	0.0	14.591952873158625	183.47655666363494	182.60067491285736	2.806953751258137	0.0	0.0	0.0	92.82791216329142	183.36238169487729	90.94233442733194	1.372674132980226	0.23095967576972787	0.9193721861882876	173.67621307014332	89.47398641513202	162.74994551756404	1.3562405731321392	0.2734490801775151	0.929449895299066	0.14730977730182174	0.1985093967260646	0.16935729920174034	183.18943290678632	183.13553139108097	183.1355088094512	182.60060352839994	1.3783178603458446	0.22669726751344704	0.92107748813484	178.7249954205387	174.03877493339897	177.30441902347536	0.029439526862228903	0.035649090351335185	0.013369559691875045	0.035624183647832104	49.31776761737702	236.61516884863659	210.4140290029713	230.00682325505704	0.9011164659894482	0.10569981265044257	0.5276367615712236	0.0	1.3785026370668279	0.22679748590212556	0.9220420244033012	0.0889987818796406	0.04710529806125545	0.10617834713235492	0.055985107478533774	0.9531306936697799	0.029953130920536718	0.6468691647559471	182.86193079015283	1.1889162061861438	0.779093176682018					0.3615804973461416	0.04239962373628713	0.03834145981379012
14	fixed	2	14.577379737113251	0.0	14.577379737113251	155.25917889315514	154.58185715239108	2.901442287369985	0.0	0.0	0.0	90.91372900969897	155.18087635660865	88.34946207853325	1.370221366829373	0.2648225478788791	0.9041732251359215	173.63505592242436	87.77024919961912	160.83072695618856	1.354345885551703	0.30367937977641446	0.9141494236705195	0.15883247029833483	0.19479089611327383	0.17798231295340813	155.01439352525293	154.92956686384858	154.9291545159322	154.58180011837322	1.3556486606053848	0.254496083360457	0.898825032218137	14.149017389940932	80.69848619161966	170.37144926064005	0.027938160745679532	0.031837325849456796	0.0262755017392511	0.02706074584455635	45.48757455691029	177.02884898813986	143.35409695512237	217.807105012142	1.0231338704715875	0.21306543514526907	0.6765900605665358	0.0								0.8593394110790409	0.023209285380495055	0.0								0.37327761374502716	0.026913388772747685	0.031164644364525436
14	laser	3	14.6877939976365	0.0	14.6877939976365	139.62966972339615	138.5911723308922	2.857142857142857	0.0	0.0	0.0	90.91372900969897	139.33610144088829	87.03366704215266	1.3658724953380716	0.26719389640826685	0.9076688607566122	173.34654740125671	88.39059563389539	158.22750620658252	1.3503450131098442	0.3044945938273257	0.9160328328195778	0.16018770723877862	0.19105741753607136	0.17751422662000926	139.1616749261457	139.13592285684533	139.13545931231138	138.59128505905798	1.3955713339098343	0.26468462091059597	0.8999479800991509	0.0	0.0	0.0	0.04872489523491108	0.07074039789672933	0.007350737019540433	0.052064618003270995	45.10658247499958	173.34654740125671	88.39059563389539	158.22750620658252	0.1035908185974451	0.025871926355368023	0.09665484695186409	0.0								1.3773578420651882	0.04900936973896557	0.0								0.03937419459924888	0.05125554109300179	0.0719767339324426
14	object	1	14.529014781856372	0.0	14.529014781856372	257.73021658283074	256.21943910209865	2.7972553836143423	0.0	0.0	0.0	90.90845849582401	257.6425471240525	89.40010211583223	1.342570220949876	0.27184067655129396	0.9222868282395937	173.47359327634663	89.09797622210839	154.22588347950665	1.3271950726832678	0.3068439423195525	0.9292011052040738	0.16171520714841142	0.18982056901176375	0.17713084965868653	257.4389251506411	257.18384784551375	257.18383733810555	256.21929472844903	1.3420295417031374	0.2738334027735885	0.9165734393315854	170.65358043056938	94.04708161910025	173.21437257090486	0.01617032684321579	0.01897545325656994	0.012211397673963896	0.029907812549501762	7.585343626700858	182.70680906273768	65.99604339258197	169.93572163100026	0.40590564566215814	0.10564848798033909	0.3695325086563999	0.0	1.3278961406848324	0.307467120368979	0.9233492562827834	0.017171627144742796	0.01977873153073104	0.011999322018448187	0.03170287253148879	2.129261006326648	0.015883709785175674	1.3414607367390818	256.5733386370756	1.0631418350003572	0.7404364669516798					0.672469742579058	0.024016192359566303	0.031059751532651524
15	cube	3	15.031098840295178	0.0	15.031098840295178	228.91705351750016	227.34607426804652	2.727977357881894	0.0	0.0	0.0	115.48111511957286	228.50915134693022	124.321188706032	1.2254082207191812	0.2544890243577764	1.1048962231825126	165.4504501993191	52.082448967089654	149.70118560696366	1.2218459126233112	0.15417244843528344	1.109279239696777	0.255667940333587	0.26373126553983933	0.22617606865654044	228.47038880816586	228.2143757221679	228.21405659739776	227.3461062938665	1.2151545625375995	0.22298561562402205	1.1029702065543827	174.77999021235362	166.2388215586825	168.5047559004179	0.030690915309559984	0.02555671188295746	0.0391555665102402	0.026277597025035373	36.66678571640079	255.63641853703103	181.00312440721956	272.7197688609959	0.5382822298107599	0.08074321578161757	0.48134685462363314	0.0	1.2228342101857672	0.23219582389883017	1.1081225119958207	0.09076215751279774	0.03496377226095854	0.10887035242932104	0.031684449430844294	1.3695901047454693	0.015720434636763904	0.15075567228888184	227.7825994471839	0.8956515571325915	0.8369529848675922					0.5497458815676822	0.026386483863738493	0.020892878446548267
15	fixed	2	14.522876445664801	0.0	14.522876445664801	153.93120153165677	152.75193425348286	2.468002918723533	0.0	0.0	0.0	115.90818949756367	153.47268106998973	130.2170513103429	1.2265403198961133	0.14230970892288486	1.0390914562282316	161.76660162545548	53.23997018299153	154.0656566502931	1.227501843990401	0.10356072378901243	1.0394732954639108	0.17037677590946188	0.19381252474805521	0.1522422851694517	153.4729398341952	153.0549734618731	153.05500021890285	152.75212613714803	1.17954860868423	0.13299351019258937	1.0004939657656935	10.430335049695524	114.47993540813175	163.80104498315023	0.048561315674755974	0.05348735762348588	0.05560660000490287	0.0437094224149985	42.98236476432047	164.50265573903485	140.3068715956486	172.4660253894626	0.7441441736641908	0.10693413451484104	0.685874046795496	0.0								1.01634810813329	0.027100768057112187	0.0								0.4655666987951528	0.017466846757278415	0.027122716452377064
15	laser	1	14.518778392283156	0.0	14.518778392283156	137.8927541265174	136.51589610564474	2.8302018096415127	0.0	0.0	0.0	113.7065322472157	137.25169228704664	116.30410104619101	1.2224871397445858	0.28094876919342465	1.1205029993951607	165.4219411025203	51.942562164965594	149.6569620634348	1.219261574375241	0.16645491504437862	1.1260799441150389	0.27784917746025134	0.2840801839012116	0.24500179587623291	137.20682828550093	136.61475157397123	136.61477599644627	136.51614534932884	1.1873767750481317	0.28255360075241737	1.11165169799374	0.0	0.0	0.0	0.03716051039347399	0.05541511430056815	0.012679447292289567	0.04816308606670484	38.82478739603536	165.4219411025203	51.942562164965594	149.6569620634348	0.0902246100718117	0.008175434471971312	0.0907685339790859	0.0								0.23724227376292348	0.03851588362524288	0.0								0.00718476907282108	0.042043996192526814	0.053961951325970856
15	object	4	14.363076961361024	0.0	14.363076961361024	261.34350033390746	260.36156133013725	2.797906865548392	0.0	0.0	0.0	114.41551070947109	260.45421965789933	124.06570725295732	1.2256943806868408	0.27809197341809544	1.1155061356585376	165.75304996363016	51.4875190504811	148.88724105987623	1.221045107929695	0.1657269513830573	1.1209934960673964	0.27475172442588963	0.2809255516029725	0.24263748832977108	260.41762462543113	260.33953714173214	260.3395216976652	260.3622503169326	1.2247798394913851	0.2862061027337881	1.1274179097579127	163.65572795135336	72.22400997790277	167.8107686097433	0.016943046715601973	0.024448834246692055	0.014117666209720743	0.018096309414051555	7.402212842092859	200.8524038171498	57.56549755831838	178.6231660866703	0.6220489787875746	0.10089626127767631	0.575488491291434	0.0	1.22470958874373	0.1770789704884162	1.1326443136301738	0.021976009769332974	0.02862555952224543	0.014516039551913851	0.02081516617483172	1.9160560915826381	0.0170690890286493	0.42402591878089224	260.48971269181106	0.9091663123816536	0.8473447738357467					0.4454434806830659	0.01708286368717334	0.023974675188770972
16	cube	2	14.659250220296963	0.0	14.659250220296963	287.74469634900083	287.0591829384405	2.9096927770363643	0.0	0.0	0.0	87.88063108073892	287.4959793870943	87.5216314020565	1.3692108706096737	0.270041062522187	0.8787030751869201	173.368593728051	89.36240348791426	162.77310802946107	1.3524052367035704	0.30747383248866156	0.8898647391576465	0.15999894083124602	0.19138937610913787	0.177733020099914	287.32637356327353	287.29480058815926	287.29477481869947	287.0592438482409	1.3631390002218984	0.2704128490867586	0.8748341166144193	180.0463185942474	167.49973855614425	173.71606834707003	0.01959659705061304	0.0346264867541366	0.008169677275993402	0.0318997543460758	43.77544650643363	185.83777523033527	204.5055135872852	243.1100400521881	0.5032856312595978	0.06937904058745054	0.31929552271597283	0.0	1.3644273159987417	0.2703999034024603	0.8757546092068781	0.09120633985324447	0.04632054017088921	0.10260824964252206	0.05476246577186285	2.132226298612069	0.020815334170757694	0.874936674506883	287.10458255988186	1.1152925876626019	0.7129250617806336					0.5636410525530838	0.03958240888162185	0.02494127798993621
16	fixed	1	14.577379737113251	0.0	14.577379737113251	212.7767077411256	208.96535984500952	2.9014422873699863	0.0	0.0	0.0	90.91372900969897	212.17883161005122	89.7969472698197	1.370221366829373	0.26482254787887904	0.9041732251359215	173.63505592242433	87.77024919961913	160.83072695618856	1.3543458855517032	0.30367937977641446	0.9141494236705197	0.1588324702983349	0.19479089611327383	0.17798231295340813	211.9846522431955	209.21907597273338	209.21907465868756	208.9656611725368	1.3459831959322408	0.2609572847572904	0.8867731171793108	6.664291087602501	75.51078122041353	50.94247631759807	0.017718624677417368	0.03941996674547412	0.008263414547021005	0.03327661914256903	37.50646947101243	174.275133552381	138.61372702326838	165.98811197122984	1.0399956645259467	0.21030214444424614	0.6867036273775462	0.0								0.8091837250994728	0.01844791173110295	0.0								0.22084633349961424	0.031647103639476315	0.022389784716313307
16	laser	3	14.577379737113251	0.0	14.577379737113251	156.04828431630648	154.96750264945248	2.9014422873699863	0.0	0.0	0.0	90.91372900969897	155.57777247817697	90.65617878765576	1.370221366829373	0.2648225478788791	0.9041732251359216	173.6350559224243	87.77024919961913	160.83072695618856	1.354345885551703	0.30367937977641446	0.9141494236705194	0.1588324702983349	0.19479089611327385	0.17798231295340805	155.40863861831136	155.32397091998075	155.32399893654153	154.96755487576223	1.3330554565345967	0.2628190035380646	0.8672351183646679	0.0	0.0	0.0	0.025298897383055394	0.049209714161054144	0.007229375994637208	0.04462223014167184	44.68658401502995	173.6350559224243	87.77024919961913	160.83072695618856	0.07735116205761666	0.01443857626872382	0.07099863398434121	0.0								1.054168819179726	0.025740000831660892	0.0								0.01987811050852214	0.02559033014297648	0.03420836732322688
16	object	4	14.036674314325728	0.0	14.036674314325728	341.93518419106783	340.79723016789006	2.82200454950366	0.0	0.0	0.0	89.9546256588251	341.69889140266787	88.97494180896902	1.3348697318701837	0.22652469269814918	0.9358214099227552	175.25795914121244	94.79606600742872	168.72482917698977	1.318783117259748	0.26552620568003205	0.9458006797050551	0.15663663784299336	0.17608956653362515	0.17338818927481767	341.69892358475505	341.3585685978494	341.35864087879395	340.7974241547294	1.3299327996852035	0.2311019867075866	0.9332711543741891	147.59232994928735	90.51125430826751	173.16701908680045	0.018052075209877245	0.02210599389853203	0.010714806339554309	0.02558234790951581	5.40765872810082	203.489345550413	27.63567168616709	239.95189111468005	0.5227451337949165	0.0741498366795493	0.33028355280377564	0.0	1.3145309434592822	0.26827066263925176	0.9444105435138327	0.0220143596412733	0.0270251828395683	0.011323665555325756	0.02728481767643113	2.4235252416888864	0.01692537242814309	0.8798826901281198	340.84697883154746	1.1113128725375025	0.7879936942558179					1.0197967297954893	0.028044872438517922	0.018577301136904954
17	cube	3	14.577379737113251	0.0	14.577379737113251	202.95119515280226	202.3278063854551	2.901442287369986	0.0	0.0	0.0	90.91372900969897	202.70013635376472	88.81081174660665	1.370221366829373	0.2648225478788791	0.9041732251359216	173.63505592242439	87.77024919961913	160.83072695618856	1.3543458855517032	0.30367937977641446	0.9141494236705195	0.15883247029833483	0.19479089611327388	0.1779823129534081	202.53772739370064	202.55531336945188	202.55576825908744	202.32762308294815	1.3737200266568215	0.2640732985016996	0.9031251066270638	175.75127278949225	175.0659132711853	177.8987689905943	0.024010954984484453	0.02621677181721499	0.01018232356668824	0.028716469349408368	47.80806474836655	276.35749699954795	178.0740481591676	259.89256814522105	0.7022089711668692	0.2160855414149929	0.4883380964758594	0.0	1.377463749701294	0.2643435818253616	0.9042274159664547	0.0932678512447557	0.04316616099880904	0.1045098035310173	0.05070687562559733	1.7042169850270028	0.02408432967290508	1.1830434635864793	202.31788005010696	1.0789327028024915	0.7053336691795148					0.4871726752713149	0.033735712959735015	0.03904132408939878
17	fixed	2	14.648663192705786	0.0	14.648663192705786	183.66631143204364	182.9152797567756	2.9233402756687323	0.0	0.0	0.0	90.91372900969895	183.1308921153247	86.2320591997779	1.3565244960525187	0.2672480876063666	0.912327461244541	173.26466047271714	88.6533241080399	161.81774623256564	1.3399287157006576	0.3042661958518544	0.9227291408152142	0.16045326014178565	0.19018644001457274	0.17884348911671002	182.96255127738843	182.70990460725167	182.7093634568005	182.91510247345988	1.3392640570393228	0.26104628161336957	0.8929369698510855	9.19521872594674	81.3862918180485	132.34602424627832	0.018107653282276984	0.03206277666807207	0.01640525562536297	0.02622600062120287	42.28852189769194	174.66356491122232	145.614461687639	203.68284445109433	0.9762423406055621	0.2243781712056307	0.6406763468962898	0.0								1.164784473050934	0.014481672405606544	0.0								0.29652381121778293	0.03231386502661563	0.027639922104657436
17	laser	4	14.577379737113251	0.0	14.577379737113251	137.3911464769002	136.92135064404175	2.901442287369986	0.0	0.0	0.0	90.91372900969897	137.03554666657908	89.04518345067548	1.370221366829373	0.2648225478788791	0.9041732251359215	173.63505592242433	87.77024919961913	160.83072695618856	1.3543458855517028	0.30367937977641446	0.9141494236705198	0.15883247029833486	0.19479089611327383	0.17798231295340805	136.86940882012755	136.90403880129804	136.90332372867016	136.92151862217278	1.3640318168727712	0.2624736357163274	0.8839980214806902	0.0	0.0	0.0	0.01714446294656448	0.032176559016984234	0.00770615179861293	0.031556350446909465	44.68658401502996	173.63505592242433	87.77024919961913	160.83072695618856	0.1111061319390278	0.01849432847671119	0.11063001691319715	0.0								0.6870491671436735	0.01706962975027607	0.0								0.02215908274630062	0.03388719139325148	0.036621245866723606
17	object	1	13.570727558412132	0.0	13.570727558412132	219.80959029168056	216.90275378278906	2.8307474831095956	0.0	0.0	0.0	92.81947287856434	218.40669519303464	92.15526256098552	1.377055885152371	0.2521069240962708	0.920974990817587	174.44541228628452	90.52480781291669	155.36189327590878	1.3618429110295327	0.2913936901977522	0.9298218959694237	0.15930471370434152	0.19632249002680574	0.1784825840452867	218.4063406533205	217.09214441352944	217.09202427506926	216.9025964338924	1.3750492344931773	0.25368729770436566	0.9191767139512704	164.0757757350725	89.26265905100738	170.95680230511445	0.017323451886697035	0.01875883008582595	0.01090963205695691	0.019225489906224587	16.92563219753616	229.97120118882248	48.077143530346014	249.02034295355332	0.6801027514130561	0.18050603038697524	0.582966335523339	0.0	1.3674779219884743	0.2914868699471883	0.9294259132318093	0.026178624126635006	0.026791072887863754	0.014033452980919443	0.021199804263032924	1.919820753820009	0.017972237385242493	0.6904836542364177	217.11110414448143	1.0225853789272739	0.6895324766652651					0.5734304001785236	0.0318154417958267	0.02294855925578252
18	cube	1	13.876684325324023	0.0	13.876684325324023	189.1074891797221	186.68650721033836	2.81146474956649	0.0	0.0	0.0	113.98856624535772	188.44177500819762	122.55126693548989	1.2310969542746977	0.28085321120784984	1.1134560368120574	167.06472775745655	51.38129254972932	150.40464256988275	1.2263744371458711	0.167626852906944	1.1191038648515157	0.2770613445621934	0.2814347766108592	0.2454397734987417	188.4417759471206	187.29962501156163	187.299644193879	186.68638515228525	1.2268724618155769	0.2811307268354737	1.1114440762617246	176.69509238951875	164.98075693127478	176.23045132678305	0.015927073907841833	0.027366962847854646	0.01595645823646033	0.023089193125761923	35.08551554494282	265.5413821347966	178.1457218472263	242.58765512419274	0.517262890864507	0.04925158141546206	0.5006761022750372	0.0	1.2304808485623377	0.28508607493097904	1.1160255348673405	0.128583924057288	0.044074203588851654	0.14469122676759327	0.027096456316085593	1.3117908262279754	0.015912008180147565	0.4882336459352795	186.9048809157529	0.8459946528913832	0.7865137520009732					0.546158197680111	0.023873450260617848	0.02484116742211934
18	fixed	4	15.134848409007482	0.0	15.134848409007482	184.14119162195743	184.1873141821498	2.797906865548392	0.0	0.0	0.0	114.41551070947108	184.24021637693934	122.89770675375041	1.2256943806868408	0.27809197341809544	1.1155061356585374	165.75304996363016	51.48751905048108	148.88724105987623	1.2210451079296951	0.16572695138305726	1.1209934960673964	0.2747517244258896	0.2809255516029725	0.24263748832977108	184.2064656998673	184.39767343092677	184.39769970938764	184.18661940633038	1.2106241704530118	0.27817969882590404	1.095264590796842	9.375336257470211	103.20104681940866	21.17174726050987	0.031187315624960563	0.028429769725846297	0.012464502734533454	0.03701154900483596	37.664247868046765	164.55891846216636	126.25405308292537	148.29850482303613	0.7875304034622224	0.23195467608236037	0.7419672546211071	0.0								0.5848500656485344	0.03221624005815504	0.0								0.337896551884686	0.022968623796585878	0.034266075979875285
18	laser	3	14.92709555868729	0.0	14.92709555868729	146.08068817502252	145.84556567131173	2.7979068655483923	0.0	0.0	0.0	114.41551070947109	145.80606434242787	121.31244008309272	1.2256943806868408	0.2780919734180955	1.1155061356585374	165.75304996363022	51.4875190504811	148.88724105987626	1.221045107929695	0.16572695138305726	1.1209934960673966	0.2747517244258895	0.28092555160297245	0.24263748832977108	145.76915939859	145.79105565613335	145.79089274521527	145.84590401925453	1.2031005679322266	0.27974007232224624	1.1096619820339564	0.0	0.0	0.0	0.03536810226782422	0.04813339679776308	0.012265532206063454	0.03274691303121162	38.467068751274944	165.75304996363022	51.4875190504811	148.88724105987626	0.13364041573756832	0.011748787375338294	0.11736279231372156	0.0								0.5355587591436214	0.03614340077269806	0.0								0.01843336827887426	0.033018824703875405	0.04244687380119942
18	object	2	14.140992778715248	0.0	14.140992778715248	243.5713684184088	243.8783192152107	2.7979068655483923	0.0	0.0	0.0	114.41551070947109	243.48710139978277	121.9724477414416	1.2256943806868408	0.27809197341809544	1.1155061356585372	165.7530499636302	51.48751905048109	148.88724105987623	1.221045107929695	0.16572695138305726	1.1209934960673966	0.2747517244258896	0.2809255516029725	0.24263748832977108	243.44919829074883	243.44104361972285	243.44103628458276	243.87857538285783	1.2191398203246708	0.2860487619349844	1.1195480999838232	162.70401081757237	75.32125956911712	169.04929851514393	0.015187283215994501	0.022871577461397962	0.010969405350585536	0.019881989470372428	7.439578493785302	176.48674744610068	65.51974546291308	191.46266397094365	0.434487884964409	0.03235357741576624	0.38484073048162964	0.0	1.2217095284754702	0.17512728449693585	1.1293246286888157	0.01644670301024101	0.022741362201166543	0.011170377694436462	0.02386121527292795	2.1930203068188865	0.01615423020161175	0.9117637475317449	243.7964306250099	0.8264107689145216	0.7349945249438196					0.8271915855270456	0.022252028623444334	0.020336355849919264
19	cube	1	14.52281372217108	0.0	14.52281372217108	283.2288353168361	279.85278536323085	2.825809422080113	0.0	0.0	0.0	88.99531736270418	281.5857339594996	88.27988396138839	1.383147567213446	0.2513609747596422	0.8792680614275026	174.95746723265563	89.68593267478354	161.30014406828607	1.3663194627860205	0.2917538165261152	0.8902107424235991	0.15435054029469897	0.19932057535226885	0.17427708679067958	281.38757604581656	280.6176817253072	280.61766445916425	279.85316926263187	1.3903761696547403	0.2551176619512309	0.87996612307616	177.75694577433552	172.5040160347869	176.4703611530242	0.029163941439043255	0.03412382457985215	0.00832449799065894	0.03438822680343596	47.34152013034552	298.6794872423156	178.05895567021574	245.02568342895253	1.0180914980844484	0.2290002884207391	0.6224041449928766	0.0	1.390977121672286	0.2567498971137863	0.8798272649271145	0.0953039525852176	0.048363721113768715	0.10692866065673724	0.05285505747906849	2.4141411701839095	0.029155613081241556	0.81894767882176	279.8755473355333	1.102125271644285	0.6877453346572165					0.3092423612346828	0.037700164082045275	0.036865015481189034
19	fixed	4	14.663168259327879	0.0	14.663168259327879	212.9016022828955	211.05959866814362	2.8571428571428568	0.0	0.0	0.0	91.85586535436917	212.06146281255567	91.87595620874353	1.371689248599565	0.24921701213450326	0.9116848004020981	173.69169986880007	88.60992034659309	161.78800172388623	1.3555425828201082	0.2896429676499408	0.9217118680073692	0.1534492738109641	0.19662406428243903	0.17393793901218368	211.88247276555023	211.5861777189732	211.58575486796002	211.0598836732085	1.3707322425214437	0.24734526973822438	0.9061126907164888	10.773272638164299	78.89305787421834	50.59949626802284	0.021336135718194243	0.03158758724691761	0.009521342527296707	0.03268295467363652	42.79021198049365	175.07897617292264	143.70741238428224	173.33639845984965	0.9969863395872216	0.18529708113172957	0.7014636197942663	0.0								1.5290892176080777	0.0219625523693765	0.0								0.339533893609062	0.027054290296421143	0.03518671561536781
19	laser	2	14.577379737113251	0.0	14.577379737113251	151.49809580256743	151.2074106369954	2.901442287369986	0.0	0.0	0.0	90.91372900969897	151.5207726036905	90.71307583542614	1.3702213668293732	0.26482254787887916	0.9041732251359215	173.63505592242433	87.77024919961912	160.83072695618856	1.3543458855517032	0.30367937977641446	0.9141494236705197	0.15883247029833486	0.19479089611327388	0.17798231295340805	151.3582608539373	151.26246940179664	151.26185439141994	151.20822511603902	1.3664776860388435	0.2623938813897885	0.8944760917749849	0.0	0.0	0.0	0.015056748779351066	0.028550369627894277	0.007505066802813542	0.023205388172718215	44.686584015029965	173.63505592242433	87.77024919961912	160.83072695618856	0.07523638794440372	0.019828330043209687	0.06675178600218905	0.0								0.45010667300731444	0.015339251873941437	0.0								0.009806957643542896	0.017031773129845603	0.029238512174939436
19	object	3	13.82969482090643	0.0	13.82969482090643	266.3370334322063	267.67080410265913	2.703274367816243	0.0	0.0	0.0	90.90636727609366	266.56097590296935	89.55307946069485	1.3628424334894889	0.24278629834632315	0.9241161545584012	173.78852872663555	95.24704850704289	152.7406749115789	1.3488199045940412	0.28087048084668115	0.9300503710770184	0.15902872391343573	0.18543473997494714	0.172839813114686	266.5609620921587	266.62362645469335	266.6237349206653	267.67111479757597	1.371902902281728	0.24814314401554408	0.933164677358224	168.03242670829653	94.63286069007519	172.9442068030375	0.021484037013892548	0.02594164596610052	0.012626877046070111	0.02561836168442592	7.81834104630979	250.53247076283262	37.99182517570057	231.87149594706548	0.8694381065892286	0.1868245908203945	0.6379062061499708	0.0	1.3509223879210936	0.28486207478032444	0.9366861672437783	0.023474529636980223	0.029828166388745893	0.01258096649662512	0.02665794919561123	2.5443447641543866	0.021222402813960876	0.383534242955656	267.46334525421287	1.088480692586166	0.7099065970221093					0.6199278747666201	0.031231560491822786	0.02494076472456055
20	cube	3	14.335676750923785	0.0	14.335676750923785	226.07726650429979	223.22370824886386	2.727977357881894	0.0	0.0	0.0	115.48111511957286	225.00547975320305	114.11702666683688	1.2254082207191814	0.2544890243577764	1.1048962231825126	165.45045019931908	52.08244896708965	149.70118560696366	1.221845912623311	0.15417244843528344	1.1092792396967768	0.25566794033358703	0.26373126553983933	0.22617606865654047	224.96494456112717	224.1033605268509	224.10332620493423	223.22371353900309	1.1970404024885468	0.23224496991244423	1.1014222484660727	176.48834540489185	111.42061611125919	147.70781098749126	0.031133512352949994	0.048016253888272055	0.03632567811108163	0.04307440602849582	31.850421261096326	231.48736710945593	139.4874064677615	215.48331542040052	0.5032424097294691	0.13752823427002653	0.48128018453102034	0.0	1.2019123975226298	0.23331845223427888	1.1058729973860546	0.09683963606498493	0.050983523808685934	0.11090166949840188	0.049294234947879274	2.333180437045442	0.031087067417190473	0.9204627019188111	223.3902745649216	0.9202247714812892	0.8267305702162988					0.5574194381275299	0.04306535953667086	0.03717740064647813
20	fixed	1	14.085760109903696	0.0	14.085760109903696	259.1307899411671	255.56089699092033	2.6476341849675227	0.0	0.0	0.0	116.57487292155949	257.67704497778556	115.40515283318172	1.2244155311977745	0.22563543630284638	1.0925272179791015	165.0262375424461	52.69849054704238	150.50606931891886	1.222047018873359	0.14032256774590465	1.095670864334981	0.23280043906065287	0.24333083511691084	0.20648994117907904	257.62785848019035	256.21025117825604	256.21023185149414	255.5603266159721	1.1866476099283985	0.22556253804602175	1.0792722460091513	6.5209427267329385	107.88952071599273	168.7361267170751	0.04077959687094529	0.05667091216204272	0.030105572559091815	0.03888871203945287	48.37654914984686	164.88792873834052	128.4039559867907	236.1006642316234	0.863267932183369	0.1906844914170905	0.7507559601613721	0.0								1.3630948100891669	0.036891517350146515	0.0								0.33500492194215764	0.032503562934779164	0.048500649282624056
20	laser	2	15.207643645521467	0.0	15.207643645521467	170.29811457132513	169.6993370579301	2.7696744114633676	0.0	0.0	0.0	113.33659040333131	170.01648651861862	118.1508052196806	1.2276056887623106	0.2837607004516746	1.1117108677416248	166.6691013750712	50.977848870749895	151.18077676301283	1.2221773015019377	0.16898442782131243	1.1179381558364325	0.27979501534475526	0.2846694783752762	0.24789602563286772	169.97980933040165	169.9595510612946	169.959561278997	169.7001156418724	1.1916334777929678	0.2854680072972242	1.1070533356879682	0.0	0.0	0.0	0.04327320838376821	0.059687987177090264	0.012973083035383989	0.0453577086055961	38.25294695326214	166.6691013750712	50.977848870749895	151.18077676301283	0.10103180358109165	0.012993536316226899	0.10664367883801273	0.0								0.520269603644293	0.04442891198149161	0.0								0.018251445833397113	0.04384485972252034	0.0532938789964511
20	object	4	14.6349519364369	0.0	14.6349519364369	200.8583574991942	199.16135666744108	2.7979068655483923	0.0	0.0	0.0	114.41551070947108	199.542013227898	122.13895606718137	1.2256943806868408	0.27809197341809544	1.1155061356585374	165.7530499636302	51.48751905048108	148.88724105987623	1.221045107929695	0.16572695138305726	1.1209934960673964	0.27475172442588963	0.2809255516029725	0.24263748832977106	199.5046797043755	199.35073594446996	199.35072640244906	199.16163757788982	1.2049683786800574	0.2763435939893972	1.1395358814705998	158.95314062158909	80.8420930262124	172.40275712796063	0.02945911204710761	0.03971239656914005	0.02168860854592995	0.044826977889684046	19.972382539032132	189.441939678111	60.04003393945937	162.62905527248589	0.6537953041760421	0.03174924628339447	0.576422503604408	0.0	1.2019911439595152	0.16252387231760476	1.1400432727626166	0.02950923406850983	0.044631209969995866	0.02225185606395361	0.04524473792669768	1.4833087267617842	0.029557434471124234	0.3581659228386032	199.18965532484896	0.9181503606677203	0.8474774772825423					0.49021667871202046	0.049376880647677104	0.03359357316364262
21	cube	1	13.40187256547946	0.0	13.40187256547946	239.8437827500139	238.4620259669437	2.755845493742721	0.0	0.0	0.0	114.7523695280074	239.6393527858219	123.01760938710864	1.2322602339810176	0.2572189307797081	1.1001045912365361	165.13403275195995	51.045717165255446	150.46629928532232	1.22845996862421	0.15577831535375888	1.1045804847151537	0.2549990547918599	0.2665112190901149	0.22488785162769667	239.63928371101903	238.787139979983	238.78710860682327	238.46177537187197	1.2144769238147706	0.25839581948617174	1.099465692415304	177.52233715513384	151.44245546560649	171.082167349275	0.041539920743889715	0.04168933267220019	0.014011800521403583	0.05299494929093561	35.27173682293393	272.3879014440732	175.11885386021441	254.309337102706	0.6707659769659581	0.08887790396293029	0.6961956656664966	0.0	1.215575555008816	0.2587626828608235	1.1001130439276996	0.11219092445079024	0.04041213610933179	0.13402090963972343	0.05192898141577975	1.800960529244293	0.04270508039648268	1.0885490764847658	238.53218112118722	0.9003437428519411	0.8681551663446085					0.4375019299467575	0.050226553913188816	0.03546311204886673
21	fixed	3	14.734507397440987	0.0	14.734507397440987	222.2674653046333	223.04628502970147	2.794966783964924	0.0	0.0	0.0	115.57375943059816	222.77262792806442	122.05205247146723	1.2165087337642726	0.2810380957950878	1.1212181794206895	165.34869336085234	52.07833351336287	149.6599053151361	1.2116379097256715	0.16563230346161345	1.126794392148175	0.2775899669905668	0.2833243824089078	0.24497932139738435	222.73455613560455	223.2744642741901	223.27472736596397	223.04602037404004	1.1996100752091876	0.2819442970646256	1.131194371118986	8.19260424002277	97.25668718973007	162.57488424081595	0.022976717589741395	0.0347399695421671	0.014778216228986382	0.0322603347278702	38.957559465249886	163.22997468521075	122.46697683138869	187.09394735904797	0.9040880183889303	0.21907797631503062	0.9139701125486432	0.0								1.8935725460065842	0.02404492852606073	0.0								0.3844567724553112	0.032896525271784986	0.03790277968726227
21	laser	4	14.589258536555745	0.0	14.589258536555745	152.72112627645217	151.98993176826858	2.7979068655483923	0.0	0.0	0.0	114.41551070947109	152.19253260336677	123.28492950568862	1.2256943806868408	0.27809197341809544	1.1155061356585372	165.75304996363022	51.48751905048109	148.8872410598762	1.221045107929695	0.16572695138305724	1.1209934960673964	0.27475172442588963	0.28092555160297245	0.24263748832977108	152.19292266292385	152.06487165847287	152.06488918229525	151.98985243614044	1.183769559494845	0.279726788926669	1.0985105378409314	0.0	0.0	0.0	0.03888470217286906	0.05799497915962426	0.012551001657399316	0.032244977804162134	38.467068751274944	165.75304996363022	51.48751905048109	148.8872410598762	0.14576024097989884	0.013532110155090146	0.10878668002450735	0.0								0.6437711581679362	0.04076532517788889	0.0								0.02000870717247954	0.030907391283175503	0.04546762671490407
21	object	2	14.748203746289644	0.0	14.748203746289644	288.5821344840928	288.56266754060215	2.727977357881894	0.0	0.0	0.0	115.48111511957288	288.9611482106038	122.88970404420795	1.2254082207191814	0.2544890243577764	1.1048962231825128	165.4504501993191	52.08244896708966	149.70118560696366	1.221845912623311	0.1541724484352834	1.109279239696777	0.255667940333587	0.2637312655398393	0.22617606865654044	288.9216790217958	288.74746483771213	288.74753304353555	288.56307735792655	1.2191815264584307	0.26164843982030356	1.1071884044156757	162.9069359613126	75.30844581329312	166.89032579500636	0.025587029987379408	0.03841774258926288	0.013571422046692466	0.03273909711756674	16.625297918287067	178.70388693249404	61.89182473001688	114.46229982083771	0.7354395775666135	0.02436985786771436	0.7234020283274873	0.0	1.2189207787775738	0.16374743871984118	1.1187458620570883	0.025253829351253244	0.03701657739231759	0.01372727106346685	0.03769190870018394	2.010140478199417	0.02638573623842534	0.6942835143575483	288.4169430250281	0.8947950793432707	0.8413383525717172					0.44904351336512877	0.03538149430229629	0.03648757358913899
6	cube	3	14.577379737113251	0.0	14.577379737113251	254.3608098507368	252.46614792809456	2.901442287369986	0.0	0.0	0.0	90.91372900969897	253.3934941003888	90.82127768146226	1.3702213668293732	0.2648225478788791	0.9041732251359216	173.63505592242433	87.77024919961913	160.83072695618856	1.3543458855517028	0.30367937977641446	0.9141494236705194	0.15883247029833486	0.19479089611327383	0.17798231295340808	253.22023130554376	252.917192777239	252.91719079227468	252.4663875436976	1.3782813467258765	0.25534699500930336	0.9021667921809501	177.8804317365011	177.63277661364526	164.159045378531	0.014569858155935549	0.025049658135791	0.013973106287290543	0.02815608721602358	47.33596496669103	271.46623190778416	231.98019188689477	256.46868913299113	0.98186699572701	0.0699240012987862	0.6176094401509031	0.0	1.376776644581336	0.2518855795165928	0.9024895457059845	0.09509383666823899	0.04260239025571697	0.10643335158787862	0.04825759991452758	1.3505630438432987	0.018548310453054058	0.3030457633656632	252.67477405499432	1.1416174999590114	0.7543196105082661					0.2406643969422737	0.045145337253414006	0.037657923923202594
6	fixed	4	14.288690166235206	0.0	14.288690166235206	228.59900089670836	227.7356712603	2.9233402756687323	0.0	0.0	0.0	90.91372900969897	228.39951796293298	90.7837591742644	1.3565244960525187	0.2672480876063666	0.9123274612445411	173.2646604727171	88.65332410803988	161.81774623256564	1.3399287157006576	0.3042661958518544	0.9227291408152142	0.16045326014178568	0.1901864400145727	0.17884348911671002	228.39967709998098	228.3371171666964	228.33739539513252	227.73600979049766	1.3487543789969345	0.2597483975444275	0.9051501393561157	6.993064874546962	78.0162846951885	177.8559389220583	0.016471320622348944	0.025541796594180752	0.012579074045486683	0.026794763255072965	47.8382550836135	173.89242108692014	140.75411063590423	224.183824880028	1.0326061715502652	0.22500276665513128	0.7001060742367834	0.0								1.0169247463236266	0.01575375125580274	0.0								0.1467916126294827	0.02073321366511963	0.025321522340514137
6	laser	1	14.577379737113251	0.0	14.577379737113251	195.2931655537475	192.33103060223758	2.901442287369986	0.0	0.0	0.0	90.91372900969897	194.1460563960218	85.90888161904265	1.3702213668293732	0.2648225478788791	0.9041732251359215	173.63505592242433	87.77024919961913	160.83072695618858	1.3543458855517032	0.30367937977641446	0.9141494236705195	0.1588324702983348	0.19479089611327383	0.1779823129534081	193.9583443087768	192.54042423622715	192.54039616138843	192.3316125948881	1.3684183098043696	0.2624321594580783	0.8803672833046944	0.0	0.0	0.0	0.033801961098167674	0.04718874758506026	0.007454342491816842	0.03854560621404421	44.68658401502995	173.63505592242433	87.77024919961913	160.83072695618858	0.108245837898256	0.011541735141738466	0.09940771231958753	0.0								0.6578982283222758	0.034099472846163596	0.0								0.00874902341864776	0.034388648760274816	0.05296379187895776
6	object	2	14.577379737113251	0.0	14.577379737113251	271.50799330969943	269.9159182931943	2.9014422873699854	0.0	0.0	0.0	90.91372900969898	270.6628848212107	83.47188139190732	1.370221366829373	0.2648225478788791	0.9041732251359216	173.6350559224243	87.77024919961913	160.83072695618856	1.354345885551703	0.30367937977641435	0.9141494236705195	0.15883247029833486	0.19479089611327388	0.1779823129534081	270.4889688084559	270.1127546076333	270.11278474049493	269.91617967869456	1.376396098731098	0.2652557911210711	0.902082849023993	170.7188777148898	94.62068749474724	175.79578386618735	0.013029550862307933	0.020953213856736215	0.013525709036090478	0.02164593582807316	8.979564181661518	242.71428691149157	39.8842863455473	243.42520978683956	0.90901028408974	0.11349446601143161	0.6048031996560959	0.0	1.365752294620621	0.30275102568537154	0.9143584140725401	0.01734571887456701	0.027462764281284354	0.015288811648391774	0.02037144046007467	1.1957392589319082	0.011915623423052484	0.14142135623730948	270.0436589276263	1.1046128185752393	0.7260677771610595					0.2905189099673012	0.019425383281486446	0.023286434798984297
7	cube	2	14.439638889091283	0.0	14.439638889091283	336.99683081441196	337.79513317817543	2.905397033778699	0.0	0.0	0.0	93.88800624521699	337.2099197440831	93.58197773279204	1.3918412894631256	0.2569289495571462	0.9206692026228829	173.17323746720078	86.1807433665769	159.56942453183478	1.3771765215809628	0.2975143481775975	0.9292190328120914	0.15753064474973066	0.1949825897351304	0.1783426528816737	337.0303508634189	337.66138356822154	337.661371903356	337.7950798628007	1.3777397087289665	0.2577420603416937	0.9011446522867901	178.44830754806912	178.46805755650303	180.04786579673623	0.014229878473478922	0.026589777307484692	0.008506544256614802	0.025326604769576478	45.75195803719712	272.7354611232967	179.0025984785733	231.19815543207392	0.33156178693692856	0.03924469347817726	0.29593758901541267	0.0	1.3784074467355232	0.2577575888438139	0.9014082638558814	0.09278174757180316	0.034615878082352065	0.10402909685485644	0.05144415442686401	2.3492757903158434	0.015379202255144714	0.49522028327205986	337.70788355657965	1.009732869074846	0.6688518573811365					0.49968386075941257	0.02246454368215058	0.019712657506439194
7	fixed	1	14.194132740513563	0.0	14.194132740513563	264.56064415207237	262.61168349803086	2.916616007665427	0.0	0.0	0.0	88.04390224998126	265.0841457778193	87.20060387689556	1.3841248854401393	0.2699061863293638	0.8714116747207136	173.62182733262597	87.30236215860798	162.7345931101412	1.3676257511399283	0.310035514458441	0.8824268477882116	0.1577936624480048	0.19466971060959304	0.176445990696006	265.0843725834311	262.8183626216911	262.8183734014968	262.6118863181942	1.3678247047181218	0.2662204987915119	0.8543878686144164	11.500870706785571	80.56553507646389	22.890933028269703	0.02156105704749466	0.02986474537116737	0.008688743182518133	0.028203630574343167	18.740249997963364	176.2884160340534	143.07591735732782	163.83702097549087	0.9650775089875725	0.17414701432706647	0.5766485578098032	0.0								0.7018187809248584	0.021902418776733493	0.0								0.14809735835944668	0.026545310034639006	0.0210017607988588
7	laser	4	14.577379737113251	0.0	14.577379737113251	173.5049078261679	173.02585725722662	2.901442287369986	0.0	0.0	0.0	90.91372900969897	173.49262598188818	89.52303461192595	1.3702213668293732	0.2648225478788791	0.9041732251359215	173.63505592242436	87.77024919961913	160.83072695618858	1.3543458855517028	0.30367937977641446	0.9141494236705194	0.15883247029833486	0.19479089611327388	0.1779823129534081	173.32012649710586	173.2927043456285	173.29264028785997	173.02608565239598	1.3551444513472237	0.26267919596182837	0.8810697496840477	0.0	0.0	0.0	0.021540761089731672	0.026200137255786293	0.007199086884417201	0.032533161305821665	44.686584015029965	173.63505592242436	87.77024919961913	160.83072695618858	0.7045995427185344	0.027600385455723065	0.44498245852669205	0.0								1.4615703018845936	0.022319422534465463	0.0								0.3461951241404894	0.016423617827099248	0.025273028361097055
7	object	3	14.852242341279734	0.0	14.852242341279734	343.282048540357	341.20765781825446	2.855494029733936	0.0	0.0	0.0	91.03253856134671	342.23337077445893	91.0351693853792	1.3711041790089968	0.24005025348511233	0.9203142561937604	174.13114639351554	87.35479812725214	165.14808587720304	1.357274888438207	0.2873783790032282	0.9298051797593777	0.1506920529125966	0.20199857278482222	0.17253002947167614	342.0383545306676	341.0798652760342	341.0798596558749	341.20809295690555	1.3672880086432844	0.24096569459644282	0.9097077454492101	170.32819996523506	85.35013166802838	165.25941070709732	0.012242532309272854	0.01567138799499724	0.010263908600946801	0.01614428382429394	4.999674118804049	248.11492600062547	24.830039461464928	213.00569332567878	0.1379002804362166	0.015621677220353809	0.10913380640718308	0.0	1.351796218336636	0.28805697311757766	0.918916067701494	0.015446996664172255	0.02094724665303172	0.010647713317740806	0.016576205478381907	2.320180936639117	0.01224881649084023	0.6222374845503018	340.6717486913788	0.9529353798596437	0.6516057877766654					0.7563744625560046	0.01293495355663017	0.015419050538712965
8	cube	1	14.291729989727997	0.0	14.291729989727997	268.4181070553948	266.0266939282302	2.862000366752384	0.0	0.0	0.0	92.8279121632914	268.0122849752787	92.3814030172022	1.3855163157199069	0.2507595567349307	0.9076625624667933	173.3923256553137	89.26303204431365	159.24171657608238	1.369215464859762	0.28989270315748455	0.9178094883827803	0.1548285660164568	0.1977494665327543	0.1756228922884049	268.0120621735847	266.89983976626246	266.89977815852376	266.02624649652876	1.373180597977308	0.2432980096891071	0.900695306131375	172.24998781426254	167.1368314709665	176.2978501100191	0.023577960057610585	0.03906643778635518	0.017918251349237465	0.032728727383258584	49.55906573600031	210.8028029309398	176.76366279414694	274.9433396889912	0.18169288817694854	0.03459723329299818	0.09242058595632358	0.0	1.3784045667856433	0.24458754872653826	0.9039813428106706	0.09476340477325314	0.051258618149248605	0.10703727672021955	0.04707001331757101	2.0330433590251933	0.023100325057992133	0.5259237061407777	266.0262496666517	1.1309827656890217	0.7451419753767321					0.725059292968963	0.04055673700443378	0.029509248209916336
8	fixed	3	14.25497949255014	0.0	14.25497949255014	169.77991746226127	169.4186075161233	2.74998948782786	0.0	0.0	0.0	93.83148632568364	169.97127475020426	92.59799266932541	1.3731102075213937	0.2091789746343094	0.9272412699183437	173.57900603891025	90.36364128764946	163.71519394061713	1.3563723938288719	0.2545294035621176	0.9373692696419287	0.14025445810890233	0.2004493785089642	0.16414827252598635	169.79710004695184	169.70472734063685	169.70463868944933	169.4190660727544	1.3594579838310283	0.2042318458105541	0.9166091951996687	9.794047781847055	80.55648330541878	144.72711123874637	0.027891447337772646	0.0361281986812247	0.018284977887818236	0.03182844223839503	43.294439866925366	172.88507345780525	146.84895698896662	215.41900751646654	1.0321041725832991	0.15083450383894098	0.7095114578810683	0.0								1.0488574692512183	0.026126658593598383	0.0								0.2609178331641466	0.03048869084589829	0.032864792967469525
8	laser	2	14.288690166235206	0.0	14.288690166235206	138.93423560684357	138.18982284913352	2.857142857142857	0.0	0.0	0.0	90.91372900969897	138.7481151636051	87.99209785344327	1.3658724953380716	0.26719389640826685	0.9076688607566126	173.3465474012567	88.39059563389542	158.22750620658252	1.350345013109844	0.30449459382732563	0.9160328328195778	0.16018770723877865	0.19105741753607142	0.17751422662000926	138.7484953196279	138.29397492077882	138.29387183051296	138.18971207719912	1.3358677620174213	0.2649360245974424	0.8871047361483325	0.0	0.0	0.0	0.02924800759909993	0.04977914339961556	0.007539909202242507	0.04075873246976244	45.10658247499958	173.3465474012567	88.39059563389542	158.22750620658252	0.07302905177685708	0.015493381068113243	0.06292837615992487	0.0								0.5397191089612207	0.03026449430970802	0.0								0.03037539191883396	0.03436426696852434	0.040512526970334854
8	object	4	14.577379737113251	0.0	14.577379737113251	221.8240160458631	220.79164918358742	2.901442287369986	0.0	0.0	0.0	90.91372900969897	221.4335184260915	90.1205687689522	1.3702213668293728	0.2648225478788791	0.9041732251359215	173.6350559224243	87.77024919961913	160.83072695618856	1.354345885551703	0.30367937977641446	0.9141494236705197	0.15883247029833486	0.19479089611327383	0.1779823129534081	221.26779577679608	221.10600892693085	221.1061966897292	220.79164129297374	1.3610732468542852	0.262809084312983	0.8978196874183184	169.0334804538695	93.23041080331245	175.8229019112745	0.01708097197995477	0.02344572364907024	0.015520858903542463	0.0237818871366682	9.245707282462842	229.4482920700914	40.78190898559361	245.19830196454794	0.13348103900716018	0.03037436496909044	0.10257301941273499	0.0	1.3484030879770998	0.3001784095424505	0.9057656601678697	0.018692544766962527	0.026973263929502715	0.017688859621311063	0.02554447602275574	1.7871184947045726	0.0167877690819809	0.9570362413968131	220.9384406560054	1.0344717688289287	0.690474051061165					0.6745785350898236	0.027838992852303623	0.019137010146076123
9	cube	4	14.888372522328838	0.0	14.888372522328838	221.23305316020952	220.12770275305363	2.7979068655483923	0.0	0.0	0.0	114.41551070947108	220.53675679226728	120.9759761315454	1.2256943806868406	0.27809197341809544	1.1155061356585376	165.75304996363022	51.48751905048108	148.8872410598762	1.2210451079296951	0.1657269513830573	1.1209934960673964	0.27475172442588963	0.28092555160297245	0.24263748832977106	220.49739180660342	220.4934891718845	220.49344356138326	220.12778387588745	1.2297482311349706	0.2805216469017547	1.121049657685324	178.93418318747976	176.83859346139886	174.06461010669977	0.012184602674538204	0.018931852719475697	0.01293419247193307	0.02005283091962103	38.679451830620586	270.44659080236437	189.98548766035347	267.2118314897714	0.7129938353984372	0.09072094487959471	0.713306216045701	0.0	1.2320184450902913	0.2806105267179876	1.1218907625161632	0.1241064564598075	0.037841617941457954	0.1420435915061879	0.02529669549925085	1.6047204396008434	0.01355448110003017	1.0313274764284928	220.1151201623422	0.8884654539326526	0.8445917347833719					0.567722015827148	0.02106189590356303	0.013768566877881918
9	fixed	2	15.034808098058807	0.0	15.034808098058807	205.92015944068376	203.88631207190838	2.7979068655483923	0.0	0.0	0.0	114.41551070947108	204.93269610760356	113.92863805124044	1.2256943806868408	0.27809197341809544	1.1155061356585374	165.75304996363016	51.48751905048109	148.8872410598762	1.221045107929695	0.16572695138305732	1.1209934960673964	0.2747517244258896	0.2809255516029725	0.24263748832977106	204.8950377002906	204.56575867754268	204.5653900435546	203.8866393377469	1.229556648954613	0.2772896288665781	1.123948296928332	10.16500336453453	107.11599710167171	52.022257154731314	0.014082935893872028	0.021984037220725002	0.015848458058923414	0.01948476810985826	36.16286417876666	168.28254391305762	132.25309616682796	149.71795500926513	0.8884558399779053	0.23957730105507977	0.8523576322565498	0.0								1.4876691657303855	0.016154572241132214	0.14907119849998596								0.3517444333968188	0.022317347158249307	0.015592492338826518
9	laser	3	15.303825361884876	0.0	15.303825361884876	181.0358800254508	180.63642086272154	2.797906865548392	0.0	0.0	0.0	114.41551070947109	180.73802905394504	115.35307292098247	1.2256943806868406	0.27809197341809544	1.1155061356585372	165.75304996363016	51.4875190504811	148.88724105987623	1.221045107929695	0.16572695138305726	1.1209934960673964	0.27475172442588963	0.2809255516029725	0.24263748832977108	180.70274493922605	180.6952163963967	180.6951693105764	180.63583137481757	1.2198544599779593	0.2796639532877311	1.1191784441842343	0.0	0.0	0.0	0.02504547457987796	0.037291266235574855	0.012370278545405074	0.027021408218972667	38.467068751274944	165.75304996363016	51.4875190504811	148.88724105987623	0.1556605607939074	0.014940685696743934	0.13918699139154964	0.0								1.005355605221107	0.026490076766284926	0.0								0.026656229396304732	0.03288957607496498	0.027482525496461133
9	object	1	14.524285801676466	0.0	14.524285801676466	367.5770638765863	364.8470153400666	2.669383778346149	0.0	0.0	0.0	119.14174792053781	366.1347574011728	124.40023911864554	1.1778887736158445	0.23080702545469434	1.1163269689042967	164.4850380045114	52.18207800064376	143.89731153457663	1.172970293715001	0.14341691668182643	1.1192596432897686	0.2379140980514559	0.2443174658520389	0.21155451553707286	366.086708874381	364.67974115978046	364.67965729573757	364.84695462866034	1.1812983537249937	0.23974589591519707	1.1242626555465558	160.0224634445348	77.37692533574987	170.1122552480018	0.01324584456560236	0.01771397924384071	0.012844526285590274	0.021932192775717146	7.85085864387342	146.330634594249	53.751080544623186	148.3321573608125	0.5411865815827394	0.02562898276970341	0.5779597224178681	0.0	1.1898406612413022	0.14888412755043728	1.1386138108353991	0.033336187770162944	0.03519816674075165	0.01017139764612562	0.034389756724790076	2.0658600091252666	0.01467588267754394	0.9614521537249989	364.7336987907372	0.9119997849170197	0.9049828370602402					0.6544220327515732	0.01823080139084508	0.015319047865281332
